,Temp,Yield,Comp,Al,Cr,Mn,Fe,Co,Ni,Cu,Ta,Ti,V,Zr,Nb,Mo,Zn,W,Sn,Nd
0,25,1745,Al0.25NbTaTiZr,0.058823529,0,0,0,0,0,0,0.235294118,0.235294118,0,0.235294118,0.235294118,0,0,0,0,0
1,1000,366,Al0.25NbTaTiZr,0.058823529,0,0,0,0,0,0,0.235294118,0.235294118,0,0.235294118,0.235294118,0,0,0,0,0
2,2161,0,Al0.25NbTaTiZr,0.058823529,0,0,0,0,0,0,0.235294118,0.235294118,0,0.235294118,0.235294118,0,0,0,0,0
3,25,1835,Al0.2NbTaTiV,0.047619048,0,0,0,0,0,0,0.238095238,0.238095238,0.238095238,0,0.238095238,0,0,0,0,0
4,900,783,Al0.2NbTaTiV,0.047619048,0,0,0,0,0,0,0.238095238,0.238095238,0.238095238,0,0.238095238,0,0,0,0,0
5,1000,350,Al0.2NbTaTiV,0.047619048,0,0,0,0,0,0,0.238095238,0.238095238,0.238095238,0,0.238095238,0,0,0,0,0
6,1100,270,Al0.2NbTaTiV,0.047619048,0,0,0,0,0,0,0.238095238,0.238095238,0.238095238,0,0.238095238,0,0,0,0,0
7,1200,142,Al0.2NbTaTiV,0.047619048,0,0,0,0,0,0,0.238095238,0.238095238,0.238095238,0,0.238095238,0,0,0,0,0
8,2197.85,0,Al0.2NbTaTiV,0.047619048,0,0,0,0,0,0,0.238095238,0.238095238,0.238095238,0,0.238095238,0,0,0,0,0
9,25,1965,Al0.3NbTa0.8Ti1.4V0.2Zr1.3,0.06,0,0,0,0,0,0,0.16,0.28,0.04,0.26,0.2,0,0,0,0,0
10,800,678,Al0.3NbTa0.8Ti1.4V0.2Zr1.3,0.06,0,0,0,0,0,0,0.16,0.28,0.04,0.26,0.2,0,0,0,0,0
11,1000,166,Al0.3NbTa0.8Ti1.4V0.2Zr1.3,0.06,0,0,0,0,0,0,0.16,0.28,0.04,0.26,0.2,0,0,0,0,0
12,2043,0,Al0.3NbTa0.8Ti1.4V0.2Zr1.3,0.06,0,0,0,0,0,0,0.16,0.28,0.04,0.26,0.2,0,0,0,0,0
13,25,1965,Al0.3NbTaTi1.4Zr1.3,0.06,0,0,0,0,0,0,0.2,0.28,0,0.26,0.2,0,0,0,0,0
14,800,362,Al0.3NbTaTi1.4Zr1.3,0.06,0,0,0,0,0,0,0.2,0.28,0,0.26,0.2,0,0,0,0,0
15,1000,236,Al0.3NbTaTi1.4Zr1.3,0.06,0,0,0,0,0,0,0.2,0.28,0,0.26,0.2,0,0,0,0,0
16,2088,0,Al0.3NbTaTi1.4Zr1.3,0.06,0,0,0,0,0,0,0.2,0.28,0,0.26,0.2,0,0,0,0,0
17,23,1841,Al0.4Hf0.6NbTaTiZr,0.090909091,0,0,0,0,0,0,0.227272727,0.227272727,0,0.227272727,0.227272727,0,0,0,0,0
18,800,796,Al0.4Hf0.6NbTaTiZr,0.090909091,0,0,0,0,0,0,0.227272727,0.227272727,0,0.227272727,0.227272727,0,0,0,0,0
19,1000,298,Al0.4Hf0.6NbTaTiZr,0.090909091,0,0,0,0,0,0,0.227272727,0.227272727,0,0.227272727,0.227272727,0,0,0,0,0
20,1200,89,Al0.4Hf0.6NbTaTiZr,0.090909091,0,0,0,0,0,0,0.227272727,0.227272727,0,0.227272727,0.227272727,0,0,0,0,0
21,2124,0,Al0.4Hf0.6NbTaTiZr,0.090909091,0,0,0,0,0,0,0.227272727,0.227272727,0,0.227272727,0.227272727,0,0,0,0,0
22,25,1340,Al0.5CrNbTi2V0.5,0.1,0.2,0,0,0,0,0,0,0.4,0.1,0,0.2,0,0,0,0,0
23,600,930,Al0.5CrNbTi2V0.5,0.1,0.2,0,0,0,0,0,0,0.4,0.1,0,0.2,0,0,0,0,0
24,800,445,Al0.5CrNbTi2V0.5,0.1,0.2,0,0,0,0,0,0,0.4,0.1,0,0.2,0,0,0,0,0
25,1000,90,Al0.5CrNbTi2V0.5,0.1,0.2,0,0,0,0,0,0,0.4,0.1,0,0.2,0,0,0,0,0
26,1801,0,Al0.5CrNbTi2V0.5,0.1,0.2,0,0,0,0,0,0,0.4,0.1,0,0.2,0,0,0,0,0
27,25,2350,Al0.5Mo0.5NbTa0.5TiZr,0.111111111,0,0,0,0,0,0,0.111111111,0.222222222,0,0.222222222,0.222222222,0.111111111,0,0,0,0
28,1000,579,Al0.5Mo0.5NbTa0.5TiZr,0.111111111,0,0,0,0,0,0,0.111111111,0.222222222,0,0.222222222,0.222222222,0.111111111,0,0,0,0
29,2033,0,Al0.5Mo0.5NbTa0.5TiZr,0.111111111,0,0,0,0,0,0,0.111111111,0.222222222,0,0.222222222,0.222222222,0.111111111,0,0,0,0
30,25,2035,Al0.5NbTa0.8Ti1.5V0.2Zr,0.1,0,0,0,0,0,0,0.16,0.3,0.04,0.2,0.2,0,0,0,0,0
31,800,796,Al0.5NbTa0.8Ti1.5V0.2Zr,0.1,0,0,0,0,0,0,0.16,0.3,0.04,0.2,0.2,0,0,0,0,0
32,1000,220,Al0.5NbTa0.8Ti1.5V0.2Zr,0.1,0,0,0,0,0,0,0.16,0.3,0.04,0.2,0.2,0,0,0,0,0
33,1992,0,Al0.5NbTa0.8Ti1.5V0.2Zr,0.1,0,0,0,0,0,0,0.16,0.3,0.04,0.2,0.2,0,0,0,0,0
34,-196,964,Al0.6CoCrFeNi,0.130434783,0.217391304,0,0.217391304,0.217391304,0.217391304,0,0,0,0,0,0,0,0,0,0,0
35,25,786,Al0.6CoCrFeNi,0.130434783,0.217391304,0,0.217391304,0.217391304,0.217391304,0,0,0,0,0,0,0,0,0,0,0
36,900,120,Al0.6CoCrFeNi,0.130434783,0.217391304,0,0.217391304,0.217391304,0.217391304,0,0,0,0,0,0,0,0,0,0,0
37,1000,90,Al0.6CoCrFeNi,0.130434783,0.217391304,0,0.217391304,0.217391304,0.217391304,0,0,0,0,0,0,0,0,0,0,0
38,1100,50,Al0.6CoCrFeNi,0.130434783,0.217391304,0,0.217391304,0.217391304,0.217391304,0,0,0,0,0,0,0,0,0,0,0
39,1200,30,Al0.6CoCrFeNi,0.130434783,0.217391304,0,0.217391304,0.217391304,0.217391304,0,0,0,0,0,0,0,0,0,0,0
40,1476.35,0,Al0.6CoCrFeNi,0.130434783,0.217391304,0,0.217391304,0.217391304,0.217391304,0,0,0,0,0,0,0,0,0,0,0
41,25,900,Al10Mo10Nb20Ti40V20,0.1,0,0,0,0,0,0,0,0.4,0.2,0,0.2,0.1,0,0,0,0
42,800,520,Al10Mo10Nb20Ti40V20,0.1,0,0,0,0,0,0,0,0.4,0.2,0,0.2,0.1,0,0,0,0
43,1000,155,Al10Mo10Nb20Ti40V20,0.1,0,0,0,0,0,0,0,0.4,0.2,0,0.2,0.1,0,0,0,0
44,1872.93,0,Al10Mo10Nb20Ti40V20,0.1,0,0,0,0,0,0,0,0.4,0.2,0,0.2,0.1,0,0,0,0
45,22,1750,Al15Cr20Nb15Ti40Zr10,0.15,0.2,0,0,0,0,0,0,0.4,0,0.1,0.15,0,0,0,0,0
46,600,1290,Al15Cr20Nb15Ti40Zr10,0.15,0.2,0,0,0,0,0,0,0.4,0,0.1,0.15,0,0,0,0,0
47,700,625,Al15Cr20Nb15Ti40Zr10,0.15,0.2,0,0,0,0,0,0,0.4,0,0.1,0.15,0,0,0,0,0
48,800,300,Al15Cr20Nb15Ti40Zr10,0.15,0.2,0,0,0,0,0,0,0.4,0,0.1,0.15,0,0,0,0,0
49,1000,60,Al15Cr20Nb15Ti40Zr10,0.15,0.2,0,0,0,0,0,0,0.4,0,0.1,0.15,0,0,0,0,0
50,1704.7,0,Al15Cr20Nb15Ti40Zr10,0.15,0.2,0,0,0,0,0,0,0.4,0,0.1,0.15,0,0,0,0,0
51,25,971,Al15Mo10Nb20Ti35V20,0.15,0,0,0,0,0,0,0,0.35,0.2,0,0.2,0.1,0,0,0,0
52,800,550,Al15Mo10Nb20Ti35V20,0.15,0,0,0,0,0,0,0,0.35,0.2,0,0.2,0.1,0,0,0,0
53,1000,160,Al15Mo10Nb20Ti35V20,0.15,0,0,0,0,0,0,0,0.35,0.2,0,0.2,0.1,0,0,0,0
54,1822.55,0,Al15Mo10Nb20Ti35V20,0.15,0,0,0,0,0,0,0,0.35,0.2,0,0.2,0.1,0,0,0,0
55,25,1187,Al20Mo10Nb20Ti30V20,0.2,0,0,0,0,0,0,0,0.3,0.2,0,0.2,0.1,0,0,0,0
56,800,624,Al20Mo10Nb20Ti30V20,0.2,0,0,0,0,0,0,0,0.3,0.2,0,0.2,0.1,0,0,0,0
57,1000,180,Al20Mo10Nb20Ti30V20,0.2,0,0,0,0,0,0,0,0.3,0.2,0,0.2,0.1,0,0,0,0
58,1772.16,0,Al20Mo10Nb20Ti30V20,0.2,0,0,0,0,0,0,0,0.3,0.2,0,0.2,0.1,0,0,0,0
59,700,1105,Al23Cr20Nb15Ti32Zr10,0.23,0.2,0,0,0,0,0,0,0.32,0,0.1,0.15,0,0,0,0,0
60,800,560,Al23Cr20Nb15Ti32Zr10,0.23,0.2,0,0,0,0,0,0,0.32,0,0.1,0.15,0,0,0,0,0
61,1000,130,Al23Cr20Nb15Ti32Zr10,0.23,0.2,0,0,0,0,0,0,0.32,0,0.1,0.15,0,0,0,0,0
62,1624.08,0,Al23Cr20Nb15Ti32Zr10,0.23,0.2,0,0,0,0,0,0,0.32,0,0.1,0.15,0,0,0,0,0
63,800,810,Al28Cr20Nb15Ti27Zr10,0.28,0.2,0,0,0,0,0,0,0.27,0,0.1,0.15,0,0,0,0,0
64,1000,155,Al28Cr20Nb15Ti27Zr10,0.28,0.2,0,0,0,0,0,0,0.27,0,0.1,0.15,0,0,0,0,0
65,1573.7,0,Al28Cr20Nb15Ti27Zr10,0.28,0.2,0,0,0,0,0,0,0.27,0,0.1,0.15,0,0,0,0,0
66,25,1300,AlCr0.5NbTiV,0.222222222,0.111111111,0,0,0,0,0,0,0.222222222,0.222222222,0,0.222222222,0,0,0,0,0
67,600,1005,AlCr0.5NbTiV,0.222222222,0.111111111,0,0,0,0,0,0,0.222222222,0.222222222,0,0.222222222,0,0,0,0,0
68,800,640,AlCr0.5NbTiV,0.222222222,0.111111111,0,0,0,0,0,0,0.222222222,0.222222222,0,0.222222222,0,0,0,0,0
69,1000,40,AlCr0.5NbTiV,0.222222222,0.111111111,0,0,0,0,0,0,0.222222222,0.222222222,0,0.222222222,0,0,0,0,0
70,1704,0,AlCr0.5NbTiV,0.222222222,0.111111111,0,0,0,0,0,0,0.222222222,0.222222222,0,0.222222222,0,0,0,0,0
71,25,1700,AlCr1.5NbTiV,0.181818182,0.272727273,0,0,0,0,0,0,0.181818182,0.181818182,0,0.181818182,0,0,0,0,0
72,600,1370,AlCr1.5NbTiV,0.181818182,0.272727273,0,0,0,0,0,0,0.181818182,0.181818182,0,0.181818182,0,0,0,0,0
73,800,970,AlCr1.5NbTiV,0.181818182,0.272727273,0,0,0,0,0,0,0.181818182,0.181818182,0,0.181818182,0,0,0,0,0
74,1000,75,AlCr1.5NbTiV,0.181818182,0.272727273,0,0,0,0,0,0,0.181818182,0.181818182,0,0.181818182,0,0,0,0,0
75,1741,0,AlCr1.5NbTiV,0.181818182,0.272727273,0,0,0,0,0,0,0.181818182,0.181818182,0,0.181818182,0,0,0,0,0
76,25,1010,AlCrMoNbTi,0.2,0.2,0,0,0,0,0,0,0.2,0,0,0.2,0.2,0,0,0,0
77,400,1080,AlCrMoNbTi,0.2,0.2,0,0,0,0,0,0,0.2,0,0,0.2,0.2,0,0,0,0
78,600,1060,AlCrMoNbTi,0.2,0.2,0,0,0,0,0,0,0.2,0,0,0.2,0.2,0,0,0,0
79,800,860,AlCrMoNbTi,0.2,0.2,0,0,0,0,0,0,0.2,0,0,0.2,0.2,0,0,0,0
80,1000,594,AlCrMoNbTi,0.2,0.2,0,0,0,0,0,0,0.2,0,0,0.2,0.2,0,0,0,0
81,1200,105,AlCrMoNbTi,0.2,0.2,0,0,0,0,0,0,0.2,0,0,0.2,0.2,0,0,0,0
82,1867,0,AlCrMoNbTi,0.2,0.2,0,0,0,0,0,0,0.2,0,0,0.2,0.2,0,0,0,0
83,600,930,AlCrMoNbTiB,0.2,0.2,0,0,0,0,0,0,0.2,0,0,0.2,0.2,0,0,0,0
84,800,875,AlCrMoNbTiB,0.2,0.2,0,0,0,0,0,0,0.2,0,0,0.2,0.2,0,0,0,0
85,1000,550,AlCrMoNbTiB,0.2,0.2,0,0,0,0,0,0,0.2,0,0,0.2,0.2,0,0,0,0
86,1200,150,AlCrMoNbTiB,0.2,0.2,0,0,0,0,0,0,0.2,0,0,0.2,0.2,0,0,0,0
87,1867,0,AlCrMoNbTiB,0.2,0.2,0,0,0,0,0,0,0.2,0,0,0.2,0.2,0,0,0,0
88,25,1010,AlCrMoNbTi,0.2,0.2,0,0,0,0,0,0,0.2,0,0,0.2,0.2,0,0,0,0
89,400,1080,AlCrMoNbTi,0.2,0.2,0,0,0,0,0,0,0.2,0,0,0.2,0.2,0,0,0,0
90,600,1060,AlCrMoNbTi,0.2,0.2,0,0,0,0,0,0,0.2,0,0,0.2,0.2,0,0,0,0
91,600,930,AlCrMoNbTi,0.2,0.2,0,0,0,0,0,0,0.2,0,0,0.2,0.2,0,0,0,0
92,800,860,AlCrMoNbTi,0.2,0.2,0,0,0,0,0,0,0.2,0,0,0.2,0.2,0,0,0,0
93,1000,594,AlCrMoNbTi,0.2,0.2,0,0,0,0,0,0,0.2,0,0,0.2,0.2,0,0,0,0
94,1200,105,AlCrMoNbTi,0.2,0.2,0,0,0,0,0,0,0.2,0,0,0.2,0.2,0,0,0,0
95,1867.1,0,AlCrMoNbTi,0.2,0.2,0,0,0,0,0,0,0.2,0,0,0.2,0.2,0,0,0,0
96,400,1070,AlCrMoTi,0.25,0.25,0,0,0,0,0,0,0.25,0,0,0,0.25,0,0,0,0
97,600,1020,AlCrMoTi,0.25,0.25,0,0,0,0,0,0,0.25,0,0,0,0.25,0,0,0,0
98,800,875,AlCrMoTi,0.25,0.25,0,0,0,0,0,0,0.25,0,0,0,0.25,0,0,0,0
99,1000,375,AlCrMoTi,0.25,0.25,0,0,0,0,0,0,0.25,0,0,0,0.25,0,0,0,0
100,1200,100,AlCrMoTi,0.25,0.25,0,0,0,0,0,0,0.25,0,0,0,0.25,0,0,0,0
101,1715,0,AlCrMoTi,0.25,0.25,0,0,0,0,0,0,0.25,0,0,0,0.25,0,0,0,0
102,25,1550,AlCrNbTiV,0.2,0.2,0,0,0,0,0,0,0.2,0.2,0,0.2,0,0,0,0,0
103,600,1015,AlCrNbTiV,0.2,0.2,0,0,0,0,0,0,0.2,0.2,0,0.2,0,0,0,0,0
104,800,860,AlCrNbTiV,0.2,0.2,0,0,0,0,0,0,0.2,0.2,0,0.2,0,0,0,0,0
105,1000,65,AlCrNbTiV,0.2,0.2,0,0,0,0,0,0,0.2,0.2,0,0.2,0,0,0,0,0
106,1725,0,AlCrNbTiV,0.2,0.2,0,0,0,0,0,0,0.2,0.2,0,0.2,0,0,0,0,0
107,25,2197,AlMo0.5NbTa0.5TiZr,0.2,0,0,0,0,0,0,0.1,0.2,0,0.2,0.2,0.1,0,0,0,0
108,25,2000,AlMo0.5NbTa0.5TiZr,0.2,0,0,0,0,0,0,0.1,0.2,0,0.2,0.2,0.1,0,0,0,0
109,600,1870,AlMo0.5NbTa0.5TiZr,0.2,0,0,0,0,0,0,0.1,0.2,0,0.2,0.2,0.1,0,0,0,0
110,800,1597,AlMo0.5NbTa0.5TiZr,0.2,0,0,0,0,0,0,0.1,0.2,0,0.2,0.2,0.1,0,0,0,0
111,1000,745,AlMo0.5NbTa0.5TiZr,0.2,0,0,0,0,0,0,0.1,0.2,0,0.2,0.2,0.1,0,0,0,0
112,1200,250,AlMo0.5NbTa0.5TiZr,0.2,0,0,0,0,0,0,0.1,0.2,0,0.2,0.2,0.1,0,0,0,0
113,1896,0,AlMo0.5NbTa0.5TiZr,0.2,0,0,0,0,0,0,0.1,0.2,0,0.2,0.2,0.1,0,0,0,0
114,25,1320,AlMo0.5NbTa0.5TiZr0.5,0.222222222,0,0,0,0,0,0,0.111111111,0.222222222,0,0.111111111,0.222222222,0.111111111,0,0,0,0
115,1000,935,AlMo0.5NbTa0.5TiZr0.5,0.222222222,0,0,0,0,0,0,0.111111111,0.222222222,0,0.111111111,0.222222222,0.111111111,0,0,0,0
116,1901,0,AlMo0.5NbTa0.5TiZr0.5,0.222222222,0,0,0,0,0,0,0.111111111,0.222222222,0,0.111111111,0.222222222,0.111111111,0,0,0,0
117,600,520,AlMoNbTi,0.25,0,0,0,0,0,0,0,0.25,0,0,0.25,0.25,0,0,0,0
118,800,500,AlMoNbTi,0.25,0,0,0,0,0,0,0,0.25,0,0,0.25,0.25,0,0,0,0
119,1000,540,AlMoNbTi,0.25,0,0,0,0,0,0,0,0.25,0,0,0.25,0.25,0,0,0,0
120,1200,200,AlMoNbTi,0.25,0,0,0,0,0,0,0,0.25,0,0,0.25,0.25,0,0,0,0
121,1857,0,AlMoNbTi,0.25,0,0,0,0,0,0,0,0.25,0,0,0.25,0.25,0,0,0,0
122,23,1100,AlMoNbTi,0.25,0,0,0,0,0,0,0,0.25,0,0,0.25,0.25,0,0,0,0
123,600,520,AlMoNbTi,0.25,0,0,0,0,0,0,0,0.25,0,0,0.25,0.25,0,0,0,0
124,800,500,AlMoNbTi,0.25,0,0,0,0,0,0,0,0.25,0,0,0.25,0.25,0,0,0,0
125,1000,540,AlMoNbTi,0.25,0,0,0,0,0,0,0,0.25,0,0,0.25,0.25,0,0,0,0
126,1200,200,AlMoNbTi,0.25,0,0,0,0,0,0,0,0.25,0,0,0.25,0.25,0,0,0,0
127,1857.1,0,AlMoNbTi,0.25,0,0,0,0,0,0,0,0.25,0,0,0.25,0.25,0,0,0,0
128,25,1280,AlNb1.5Ta0.5Ti1.5Zr0.5,0.2,0,0,0,0,0,0,0.1,0.3,0,0.1,0.3,0,0,0,0,0
129,800,728,AlNb1.5Ta0.5Ti1.5Zr0.5,0.2,0,0,0,0,0,0,0.1,0.3,0,0.1,0.3,0,0,0,0,0
130,1000,403,AlNb1.5Ta0.5Ti1.5Zr0.5,0.2,0,0,0,0,0,0,0.1,0.3,0,0.1,0.3,0,0,0,0,0
131,1863,0,AlNb1.5Ta0.5Ti1.5Zr0.5,0.2,0,0,0,0,0,0,0.1,0.3,0,0.1,0.3,0,0,0,0,0
132,25,1352,AlNbTa0.5TiZr0.5,0.25,0,0,0,0,0,0,0.125,0.25,0,0.125,0.25,0,0,0,0,0
133,1000,535,AlNbTa0.5TiZr0.5,0.25,0,0,0,0,0,0,0.125,0.25,0,0.125,0.25,0,0,0,0,0
134,1810,0,AlNbTa0.5TiZr0.5,0.25,0,0,0,0,0,0,0.125,0.25,0,0.125,0.25,0,0,0,0,0
135,22,1020,AlNbTiV,0.25,0,0,0,0,0,0,0,0.25,0.25,0,0.25,0,0,0,0,0
136,600,810,AlNbTiV,0.25,0,0,0,0,0,0,0,0.25,0.25,0,0.25,0,0,0,0,0
137,800,685,AlNbTiV,0.25,0,0,0,0,0,0,0,0.25,0.25,0,0.25,0,0,0,0,0
138,1000,158,AlNbTiV,0.25,0,0,0,0,0,0,0,0.25,0.25,0,0.25,0,0,0,0,0
139,1679,0,AlNbTiV,0.25,0,0,0,0,0,0,0,0.25,0.25,0,0.25,0,0,0,0,0
140,25,1500,AlNbTiVZr,0.2,0,0,0,0,0,0,0,0.2,0.2,0.2,0.2,0,0,0,0,0
141,600,1155,AlNbTiVZr,0.2,0,0,0,0,0,0,0,0.2,0.2,0.2,0.2,0,0,0,0,0
142,800,550,AlNbTiVZr,0.2,0,0,0,0,0,0,0,0.2,0.2,0.2,0.2,0,0,0,0,0
143,1714,0,AlNbTiVZr,0.2,0,0,0,0,0,0,0,0.2,0.2,0.2,0.2,0,0,0,0,0
144,25,1290,AlNbTiVZr0.1,0.243902439,0,0,0,0,0,0,0,0.243902439,0.243902439,0.024390244,0.243902439,0,0,0,0,0
145,600,975,AlNbTiVZr0.1,0.243902439,0,0,0,0,0,0,0,0.243902439,0.243902439,0.024390244,0.243902439,0,0,0,0,0
146,800,865,AlNbTiVZr0.1,0.243902439,0,0,0,0,0,0,0,0.243902439,0.243902439,0.024390244,0.243902439,0,0,0,0,0
147,1683,0,AlNbTiVZr0.1,0.243902439,0,0,0,0,0,0,0,0.243902439,0.243902439,0.024390244,0.243902439,0,0,0,0,0
148,25,1360,AlNbTiVZr0.25,0.235294118,0,0,0,0,0,0,0,0.235294118,0.235294118,0.058823529,0.235294118,0,0,0,0,0
149,600,1065,AlNbTiVZr0.25,0.235294118,0,0,0,0,0,0,0,0.235294118,0.235294118,0.058823529,0.235294118,0,0,0,0,0
150,800,855,AlNbTiVZr0.25,0.235294118,0,0,0,0,0,0,0,0.235294118,0.235294118,0.058823529,0.235294118,0,0,0,0,0
151,1683,0,AlNbTiVZr0.25,0.235294118,0,0,0,0,0,0,0,0.235294118,0.235294118,0.058823529,0.235294118,0,0,0,0,0
152,25,1485,AlNbTiVZr0.5,0.222222222,0,0,0,0,0,0,0,0.222222222,0.222222222,0.111111111,0.222222222,0,0,0,0,0
153,600,1135,AlNbTiVZr0.5,0.222222222,0,0,0,0,0,0,0,0.222222222,0.222222222,0.111111111,0.222222222,0,0,0,0,0
154,800,675,AlNbTiVZr0.5,0.222222222,0,0,0,0,0,0,0,0.222222222,0.222222222,0.111111111,0.222222222,0,0,0,0,0
155,1698,0,AlNbTiVZr0.5,0.222222222,0,0,0,0,0,0,0,0.222222222,0.222222222,0.111111111,0.222222222,0,0,0,0,0
156,25,1535,AlNbTiVZr1.5,0.181818182,0,0,0,0,0,0,0,0.181818182,0.181818182,0.272727273,0.181818182,0,0,0,0,0
157,600,1195,AlNbTiVZr1.5,0.181818182,0,0,0,0,0,0,0,0.181818182,0.181818182,0.272727273,0.181818182,0,0,0,0,0
158,800,180,AlNbTiVZr1.5,0.181818182,0,0,0,0,0,0,0,0.181818182,0.181818182,0.272727273,0.181818182,0,0,0,0,0
159,1727,0,AlNbTiVZr1.5,0.181818182,0,0,0,0,0,0,0,0.181818182,0.181818182,0.272727273,0.181818182,0,0,0,0,0
160,850,290,C0.1Co45Cr25Fe15Ni15,0,0.25,0,0.15,0.45,0.15,0,0,0,0,0,0,0,0,0,0,0
161,850,230,C0.1Co45Cr25Fe15Ni15,0,0.25,0,0.15,0.45,0.15,0,0,0,0,0,0,0,0,0,0,0
162,850,150,C0.1Co45Cr25Fe15Ni15,0,0.25,0,0.15,0.45,0.15,0,0,0,0,0,0,0,0,0,0,0
163,900,260,C0.1Co45Cr25Fe15Ni15,0,0.25,0,0.15,0.45,0.15,0,0,0,0,0,0,0,0,0,0,0
164,900,160,C0.1Co45Cr25Fe15Ni15,0,0.25,0,0.15,0.45,0.15,0,0,0,0,0,0,0,0,0,0,0
165,900,110,C0.1Co45Cr25Fe15Ni15,0,0.25,0,0.15,0.45,0.15,0,0,0,0,0,0,0,0,0,0,0
166,950,140,C0.1Co45Cr25Fe15Ni15,0,0.25,0,0.15,0.45,0.15,0,0,0,0,0,0,0,0,0,0,0
167,950,110,C0.1Co45Cr25Fe15Ni15,0,0.25,0,0.15,0.45,0.15,0,0,0,0,0,0,0,0,0,0,0
168,950,80,C0.1Co45Cr25Fe15Ni15,0,0.25,0,0.15,0.45,0.15,0,0,0,0,0,0,0,0,0,0,0
169,1000,150,C0.1Co45Cr25Fe15Ni15,0,0.25,0,0.15,0.45,0.15,0,0,0,0,0,0,0,0,0,0,0
170,1000,90,C0.1Co45Cr25Fe15Ni15,0,0.25,0,0.15,0.45,0.15,0,0,0,0,0,0,0,0,0,0,0
171,1000,50,C0.1Co45Cr25Fe15Ni15,0,0.25,0,0.15,0.45,0.15,0,0,0,0,0,0,0,0,0,0,0
172,1598.55,0,C0.1Co45Cr25Fe15Ni15,0,0.25,0,0.15,0.45,0.15,0,0,0,0,0,0,0,0,0,0,0
173,25,1265,C0.1Hf0.25NbTaW0.5,0,0,0,0,0,0,0,0.4,0,0,0,0.4,0,0,0.2,0,0
174,1000,768,C0.1Hf0.25NbTaW0.5,0,0,0,0,0,0,0,0.4,0,0,0,0.4,0,0,0.2,0,0
175,1200,733,C0.1Hf0.25NbTaW0.5,0,0,0,0,0,0,0,0.4,0,0,0,0.4,0,0,0.2,0,0
176,1400,639,C0.1Hf0.25NbTaW0.5,0,0,0,0,0,0,0,0.4,0,0,0,0.4,0,0,0.2,0,0
177,3031.91,0,C0.1Hf0.25NbTaW0.5,0,0,0,0,0,0,0,0.4,0,0,0,0.4,0,0,0.2,0,0
178,25,1317,C0.25Hf0.25NbTaW0.5,0,0,0,0,0,0,0,0.4,0,0,0,0.4,0,0,0.2,0,0
179,1000,868,C0.25Hf0.25NbTaW0.5,0,0,0,0,0,0,0,0.4,0,0,0,0.4,0,0,0.2,0,0
180,1200,792,C0.25Hf0.25NbTaW0.5,0,0,0,0,0,0,0,0.4,0,0,0,0.4,0,0,0.2,0,0
181,1400,749,C0.25Hf0.25NbTaW0.5,0,0,0,0,0,0,0,0.4,0,0,0,0.4,0,0,0.2,0,0
182,3052.25,0,C0.25Hf0.25NbTaW0.5,0,0,0,0,0,0,0,0.4,0,0,0,0.4,0,0,0.2,0,0
183,25,310,CoCrFeHf0.1Ni,0,0.25,0,0.25,0.25,0.25,0,0,0,0,0,0,0,0,0,0,0
184,600,220,CoCrFeHf0.1Ni,0,0.25,0,0.25,0.25,0.25,0,0,0,0,0,0,0,0,0,0,0
185,800,170,CoCrFeHf0.1Ni,0,0.25,0,0.25,0.25,0.25,0,0,0,0,0,0,0,0,0,0,0
186,1633.34,0,CoCrFeHf0.1Ni,0,0.25,0,0.25,0.25,0.25,0,0,0,0,0,0,0,0,0,0,0
187,25,450,CoCrFeHf0.2Ni,0,0.25,0,0.25,0.25,0.25,0,0,0,0,0,0,0,0,0,0,0
188,600,360,CoCrFeHf0.2Ni,0,0.25,0,0.25,0.25,0.25,0,0,0,0,0,0,0,0,0,0,0
189,800,260,CoCrFeHf0.2Ni,0,0.25,0,0.25,0.25,0.25,0,0,0,0,0,0,0,0,0,0,0
190,1666.29,0,CoCrFeHf0.2Ni,0,0.25,0,0.25,0.25,0.25,0,0,0,0,0,0,0,0,0,0,0
191,25,810,CoCrFeHf0.3Ni,0,0.25,0,0.25,0.25,0.25,0,0,0,0,0,0,0,0,0,0,0
192,600,710,CoCrFeHf0.3Ni,0,0.25,0,0.25,0.25,0.25,0,0,0,0,0,0,0,0,0,0,0
193,800,400,CoCrFeHf0.3Ni,0,0.25,0,0.25,0.25,0.25,0,0,0,0,0,0,0,0,0,0,0
194,1697.7,0,CoCrFeHf0.3Ni,0,0.25,0,0.25,0.25,0.25,0,0,0,0,0,0,0,0,0,0,0
195,25,1180,CoCrFeHf0.4Ni,0,0.25,0,0.25,0.25,0.25,0,0,0,0,0,0,0,0,0,0,0
196,600,1150,CoCrFeHf0.4Ni,0,0.25,0,0.25,0.25,0.25,0,0,0,0,0,0,0,0,0,0,0
197,800,540,CoCrFeHf0.4Ni,0,0.25,0,0.25,0.25,0.25,0,0,0,0,0,0,0,0,0,0,0
198,1727.68,0,CoCrFeHf0.4Ni,0,0.25,0,0.25,0.25,0.25,0,0,0,0,0,0,0,0,0,0,0
199,25,1250,CoCrFeHf0.5Ni,0,0.25,0,0.25,0.25,0.25,0,0,0,0,0,0,0,0,0,0,0
200,600,1200,CoCrFeHf0.5Ni,0,0.25,0,0.25,0.25,0.25,0,0,0,0,0,0,0,0,0,0,0
201,800,420,CoCrFeHf0.5Ni,0,0.25,0,0.25,0.25,0.25,0,0,0,0,0,0,0,0,0,0,0
202,1756.33,0,CoCrFeHf0.5Ni,0,0.25,0,0.25,0.25,0.25,0,0,0,0,0,0,0,0,0,0,0
203,25,1560,CoCrFeHf0.6Ni,0,0.25,0,0.25,0.25,0.25,0,0,0,0,0,0,0,0,0,0,0
204,600,1290,CoCrFeHf0.6Ni,0,0.25,0,0.25,0.25,0.25,0,0,0,0,0,0,0,0,0,0,0
205,800,470,CoCrFeHf0.6Ni,0,0.25,0,0.25,0.25,0.25,0,0,0,0,0,0,0,0,0,0,0
206,1783.74,0,CoCrFeHf0.6Ni,0,0.25,0,0.25,0.25,0.25,0,0,0,0,0,0,0,0,0,0,0
207,22,1005,Cr20Nb30Ti40Zr10,0,0.2,0,0,0,0,0,0,0.4,0,0.1,0.3,0,0,0,0,0
208,600,775,Cr20Nb30Ti40Zr10,0,0.2,0,0,0,0,0,0,0.4,0,0.1,0.3,0,0,0,0,0
209,700,535,Cr20Nb30Ti40Zr10,0,0.2,0,0,0,0,0,0,0.4,0,0.1,0.3,0,0,0,0,0
210,800,205,Cr20Nb30Ti40Zr10,0,0.2,0,0,0,0,0,0,0.4,0,0.1,0.3,0,0,0,0,0
211,1000,60,Cr20Nb30Ti40Zr10,0,0.2,0,0,0,0,0,0,0.4,0,0.1,0.3,0,0,0,0,0
212,1977.2,0,Cr20Nb30Ti40Zr10,0,0.2,0,0,0,0,0,0,0.4,0,0.1,0.3,0,0,0,0,0
213,25,1595,CrMo0.5NbTa0.5TiZr,0,0.2,0,0,0,0,0,0.1,0.2,0,0.2,0.2,0.1,0,0,0,0
214,800,983,CrMo0.5NbTa0.5TiZr,0,0.2,0,0,0,0,0,0.1,0.2,0,0.2,0.2,0.1,0,0,0,0
215,1000,546,CrMo0.5NbTa0.5TiZr,0,0.2,0,0,0,0,0,0.1,0.2,0,0.2,0.2,0.1,0,0,0,0
216,1200,170,CrMo0.5NbTa0.5TiZr,0,0.2,0,0,0,0,0,0.1,0.2,0,0.2,0.2,0.1,0,0,0,0
217,2145,0,CrMo0.5NbTa0.5TiZr,0,0.2,0,0,0,0,0,0.1,0.2,0,0.2,0.2,0.1,0,0,0,0
218,23,1518,CrMoNbV,0,0.25,0,0,0,0,0,0,0,0.25,0,0.25,0.25,0,0,0,0
219,300,1432,CrMoNbV,0,0.25,0,0,0,0,0,0,0,0.25,0,0.25,0.25,0,0,0,0
220,500,1270,CrMoNbV,0,0.25,0,0,0,0,0,0,0,0.25,0,0.25,0.25,0,0,0,0
221,700,1142,CrMoNbV,0,0.25,0,0,0,0,0,0,0,0.25,0,0.25,0.25,0,0,0,0
222,800,1121,CrMoNbV,0,0.25,0,0,0,0,0,0,0,0.25,0,0.25,0.25,0,0,0,0
223,900,1095,CrMoNbV,0,0.25,0,0,0,0,0,0,0,0.25,0,0.25,0.25,0,0,0,0
224,1000,1080,CrMoNbV,0,0.25,0,0,0,0,0,0,0,0.25,0,0.25,0.25,0,0,0,0
225,2229,0,CrMoNbV,0,0.25,0,0,0,0,0,0,0,0.25,0,0.25,0.25,0,0,0,0
226,25,1298,CrNbTiVZr,0,0.2,0,0,0,0,0,0,0.2,0.2,0.2,0.2,0,0,0,0,0
227,600,1230,CrNbTiVZr,0,0.2,0,0,0,0,0,0,0.2,0.2,0.2,0.2,0,0,0,0,0
228,800,615,CrNbTiVZr,0,0.2,0,0,0,0,0,0,0.2,0.2,0.2,0.2,0,0,0,0,0
229,1000,259,CrNbTiVZr,0,0.2,0,0,0,0,0,0,0.2,0.2,0.2,0.2,0,0,0,0,0
230,1963,0,CrNbTiVZr,0,0.2,0,0,0,0,0,0,0.2,0.2,0.2,0.2,0,0,0,0,0
231,25,1260,CrNbTiZr,0,0.25,0,0,0,0,0,0,0.25,0,0.25,0.25,0,0,0,0,0
232,600,1035,CrNbTiZr,0,0.25,0,0,0,0,0,0,0.25,0,0.25,0.25,0,0,0,0,0
233,800,300,CrNbTiZr,0,0.25,0,0,0,0,0,0,0.25,0,0.25,0.25,0,0,0,0,0
234,1000,115,CrNbTiZr,0,0.25,0,0,0,0,0,0,0.25,0,0.25,0.25,0,0,0,0,0
235,1977,0,CrNbTiZr,0,0.25,0,0,0,0,0,0,0.25,0,0.25,0.25,0,0,0,0,0
236,25,2050,CrTaTi0.3VW,0,0.23255814,0,0,0,0,0,0.23255814,0.069767442,0.23255814,0,0,0,0,0.23255814,0,0
237,1200,586,CrTaTi0.3VW,0,0.23255814,0,0,0,0,0,0.23255814,0.069767442,0.23255814,0,0,0,0,0.23255814,0,0
238,2501,0,CrTaTi0.3VW,0,0.23255814,0,0,0,0,0,0.23255814,0.069767442,0.23255814,0,0,0,0,0.23255814,0,0
239,25,2327,CrTaVW,0,0.25,0,0,0,0,0,0.25,0,0.25,0,0,0,0,0.25,0,0
240,1200,979,CrTaVW,0,0.25,0,0,0,0,0,0.25,0,0.25,0,0,0,0,0.25,0,0
241,2564,0,CrTaVW,0,0.25,0,0,0,0,0,0.25,0,0.25,0,0,0,0,0.25,0,0
242,25,1037,Hf0.25NbTaW0.5,0,0,0,0,0,0,0,0.4,0,0,0,0.4,0,0,0.2,0,0
243,25,942,Hf0.25NbTaW0.5,0,0,0,0,0,0,0,0.4,0,0,0,0.4,0,0,0.2,0,0
244,1000,584,Hf0.25NbTaW0.5,0,0,0,0,0,0,0,0.4,0,0,0,0.4,0,0,0.2,0,0
245,1200,577,Hf0.25NbTaW0.5,0,0,0,0,0,0,0,0.4,0,0,0,0.4,0,0,0.2,0,0
246,1400,455,Hf0.25NbTaW0.5,0,0,0,0,0,0,0,0.4,0,0,0,0.4,0,0,0.2,0,0
247,2998.64,0,Hf0.25NbTaW0.5,0,0,0,0,0,0,0,0.4,0,0,0,0.4,0,0,0.2,0,0
248,25,822,Hf0.4Nb1.54Ta1.54Ti0.89Zr0.64,0,0,0,0,0,0,0,0.334056399,0.193058568,0,0.138828633,0.334056399,0,0,0,0,0
249,60,795,Hf0.4Nb1.54Ta1.54Ti0.89Zr0.64,0,0,0,0,0,0,0,0.334056399,0.193058568,0,0.138828633,0.334056399,0,0,0,0,0
250,100,765,Hf0.4Nb1.54Ta1.54Ti0.89Zr0.64,0,0,0,0,0,0,0,0.334056399,0.193058568,0,0.138828633,0.334056399,0,0,0,0,0
251,200,650,Hf0.4Nb1.54Ta1.54Ti0.89Zr0.64,0,0,0,0,0,0,0,0.334056399,0.193058568,0,0.138828633,0.334056399,0,0,0,0,0
252,300,590,Hf0.4Nb1.54Ta1.54Ti0.89Zr0.64,0,0,0,0,0,0,0,0.334056399,0.193058568,0,0.138828633,0.334056399,0,0,0,0,0
253,2402,0,Hf0.4Nb1.54Ta1.54Ti0.89Zr0.64,0,0,0,0,0,0,0,0.334056399,0.193058568,0,0.138828633,0.334056399,0,0,0,0,0
254,-268.8,2390,Hf0.75NbTa0.5Ti1.5Zr1.25,0,0,0,0,0,0,0,0.117647059,0.352941176,0,0.294117647,0.235294118,0,0,0,0,0
255,-268.8,2250,Hf0.75NbTa0.5Ti1.5Zr1.25,0,0,0,0,0,0,0,0.117647059,0.352941176,0,0.294117647,0.235294118,0,0,0,0,0
256,-268.8,2210,Hf0.75NbTa0.5Ti1.5Zr1.25,0,0,0,0,0,0,0,0.117647059,0.352941176,0,0.294117647,0.235294118,0,0,0,0,0
257,-196,1920,Hf0.75NbTa0.5Ti1.5Zr1.25,0,0,0,0,0,0,0,0.117647059,0.352941176,0,0.294117647,0.235294118,0,0,0,0,0
258,-196,1880,Hf0.75NbTa0.5Ti1.5Zr1.25,0,0,0,0,0,0,0,0.117647059,0.352941176,0,0.294117647,0.235294118,0,0,0,0,0
259,-153,1640,Hf0.75NbTa0.5Ti1.5Zr1.25,0,0,0,0,0,0,0,0.117647059,0.352941176,0,0.294117647,0.235294118,0,0,0,0,0
260,-153,1550,Hf0.75NbTa0.5Ti1.5Zr1.25,0,0,0,0,0,0,0,0.117647059,0.352941176,0,0.294117647,0.235294118,0,0,0,0,0
261,-103,1380,Hf0.75NbTa0.5Ti1.5Zr1.25,0,0,0,0,0,0,0,0.117647059,0.352941176,0,0.294117647,0.235294118,0,0,0,0,0
262,-103,1370,Hf0.75NbTa0.5Ti1.5Zr1.25,0,0,0,0,0,0,0,0.117647059,0.352941176,0,0.294117647,0.235294118,0,0,0,0,0
263,-43,1200,Hf0.75NbTa0.5Ti1.5Zr1.25,0,0,0,0,0,0,0,0.117647059,0.352941176,0,0.294117647,0.235294118,0,0,0,0,0
264,-43,1180,Hf0.75NbTa0.5Ti1.5Zr1.25,0,0,0,0,0,0,0,0.117647059,0.352941176,0,0.294117647,0.235294118,0,0,0,0,0
265,25,1150,Hf0.75NbTa0.5Ti1.5Zr1.25,0,0,0,0,0,0,0,0.117647059,0.352941176,0,0.294117647,0.235294118,0,0,0,0,0
266,25,1100,Hf0.75NbTa0.5Ti1.5Zr1.25,0,0,0,0,0,0,0,0.117647059,0.352941176,0,0.294117647,0.235294118,0,0,0,0,0
267,72,1040,Hf0.75NbTa0.5Ti1.5Zr1.25,0,0,0,0,0,0,0,0.117647059,0.352941176,0,0.294117647,0.235294118,0,0,0,0,0
268,72,1020,Hf0.75NbTa0.5Ti1.5Zr1.25,0,0,0,0,0,0,0,0.117647059,0.352941176,0,0.294117647,0.235294118,0,0,0,0,0
269,2096,0,Hf0.75NbTa0.5Ti1.5Zr1.25,0,0,0,0,0,0,0,0.117647059,0.352941176,0,0.294117647,0.235294118,0,0,0,0,0
270,25,1617,HfMo0.5NbSi0.3TiV0.5,0,0,0,0,0,0,0,0,0.333333333,0.166666667,0,0.333333333,0.166666667,0,0,0,0
271,1200,166,HfMo0.5NbSi0.3TiV0.5,0,0,0,0,0,0,0,0,0.333333333,0.166666667,0,0.333333333,0.166666667,0,0,0,0
272,2109,0,HfMo0.5NbSi0.3TiV0.5,0,0,0,0,0,0,0,0,0.333333333,0.166666667,0,0.333333333,0.166666667,0,0,0,0
273,25,1617,HfMo0.5NbSi0.3TiV0.5,0,0,0,0,0,0,0,0,0.333333333,0.166666667,0,0.333333333,0.166666667,0,0,0,0
274,1000,398,HfMo0.5NbSi0.3TiV0.5,0,0,0,0,0,0,0,0,0.333333333,0.166666667,0,0.333333333,0.166666667,0,0,0,0
275,1200,166,HfMo0.5NbSi0.3TiV0.5,0,0,0,0,0,0,0,0,0.333333333,0.166666667,0,0.333333333,0.166666667,0,0,0,0
276,2109,0,HfMo0.5NbSi0.3TiV0.5,0,0,0,0,0,0,0,0,0.333333333,0.166666667,0,0.333333333,0.166666667,0,0,0,0
277,25,1600,HfMoNbTaTiZr,0,0,0,0,0,0,0,0.2,0.2,0,0.2,0.2,0.2,0,0,0,0
278,800,1045,HfMoNbTaTiZr,0,0,0,0,0,0,0,0.2,0.2,0,0.2,0.2,0.2,0,0,0,0
279,1000,855,HfMoNbTaTiZr,0,0,0,0,0,0,0,0.2,0.2,0,0.2,0.2,0.2,0,0,0,0
280,1200,404,HfMoNbTaTiZr,0,0,0,0,0,0,0,0.2,0.2,0,0.2,0.2,0.2,0,0,0,0
281,2279,0,HfMoNbTaTiZr,0,0,0,0,0,0,0,0.2,0.2,0,0.2,0.2,0.2,0,0,0,0
282,23,1575,HfMoNbTiZr,0,0,0,0,0,0,0,0,0.25,0,0.25,0.25,0.25,0,0,0,0
283,800,825,HfMoNbTiZr,0,0,0,0,0,0,0,0,0.25,0,0.25,0.25,0.25,0,0,0,0
284,1000,635,HfMoNbTiZr,0,0,0,0,0,0,0,0,0.25,0,0.25,0.25,0.25,0,0,0,0
285,1200,187,HfMoNbTiZr,0,0,0,0,0,0,0,0,0.25,0,0.25,0.25,0.25,0,0,0,0
286,2297,0,HfMoNbTiZr,0,0,0,0,0,0,0,0,0.25,0,0.25,0.25,0.25,0,0,0,0
287,25,1399,HfNbSi0.5TiV,0,0,0,0,0,0,0,0,0.333333333,0.333333333,0,0.333333333,0,0,0,0,0
288,800,875,HfNbSi0.5TiV,0,0,0,0,0,0,0,0,0.333333333,0.333333333,0,0.333333333,0,0,0,0,0
289,1000,240,HfNbSi0.5TiV,0,0,0,0,0,0,0,0,0.333333333,0.333333333,0,0.333333333,0,0,0,0,0
290,1999,0,HfNbSi0.5TiV,0,0,0,0,0,0,0,0,0.333333333,0.333333333,0,0.333333333,0,0,0,0,0
291,25,1540,HfNbSi0.5TiVZr,0,0,0,0,0,0,0,0,0.25,0.25,0.25,0.25,0,0,0,0,0
292,25,1483,HfNbSi0.5TiVZr,0,0,0,0,0,0,0,0,0.25,0.25,0.25,0.25,0,0,0,0,0
293,400,1273,HfNbSi0.5TiVZr,0,0,0,0,0,0,0,0,0.25,0.25,0.25,0.25,0,0,0,0,0
294,600,920,HfNbSi0.5TiVZr,0,0,0,0,0,0,0,0,0.25,0.25,0.25,0.25,0,0,0,0,0
295,600,597,HfNbSi0.5TiVZr,0,0,0,0,0,0,0,0,0.25,0.25,0.25,0.25,0,0,0,0,0
296,800,371,HfNbSi0.5TiVZr,0,0,0,0,0,0,0,0,0.25,0.25,0.25,0.25,0,0,0,0,0
297,800,102,HfNbSi0.5TiVZr,0,0,0,0,0,0,0,0,0.25,0.25,0.25,0.25,0,0,0,0,0
298,1973,0,HfNbSi0.5TiVZr,0,0,0,0,0,0,0,0,0.25,0.25,0.25,0.25,0,0,0,0,0
299,23,929,HfNbTaTiZr,0,0,0,0,0,0,0,0.25,0.25,0,0.25,0.25,0,0,0,0,0
300,600,675,HfNbTaTiZr,0,0,0,0,0,0,0,0.25,0.25,0,0.25,0.25,0,0,0,0,0
301,800,535,HfNbTaTiZr,0,0,0,0,0,0,0,0.25,0.25,0,0.25,0.25,0,0,0,0,0
302,1000,295,HfNbTaTiZr,0,0,0,0,0,0,0,0.25,0.25,0,0.25,0.25,0,0,0,0,0
303,1200,92,HfNbTaTiZr,0,0,0,0,0,0,0,0.25,0.25,0,0.25,0.25,0,0,0,0,0
304,2250,0,HfNbTaTiZr,0,0,0,0,0,0,0,0.25,0.25,0,0.25,0.25,0,0,0,0,0
305,25,1515,MoNbTaTiVW,0,0,0,0,0,0,0,0.166666667,0.166666667,0.166666667,0,0.166666667,0.166666667,0,0.166666667,0,0
306,600,973,MoNbTaTiVW,0,0,0,0,0,0,0,0.166666667,0.166666667,0.166666667,0,0.166666667,0.166666667,0,0.166666667,0,0
307,800,791.3,MoNbTaTiVW,0,0,0,0,0,0,0,0.166666667,0.166666667,0.166666667,0,0.166666667,0.166666667,0,0.166666667,0,0
308,1000,752.8,MoNbTaTiVW,0,0,0,0,0,0,0,0.166666667,0.166666667,0.166666667,0,0.166666667,0.166666667,0,0.166666667,0,0
309,1200,659,MoNbTaTiVW,0,0,0,0,0,0,0,0.166666667,0.166666667,0.166666667,0,0.166666667,0.166666667,0,0.166666667,0,0
310,2520,0,MoNbTaTiVW,0,0,0,0,0,0,0,0.166666667,0.166666667,0.166666667,0,0.166666667,0.166666667,0,0.166666667,0,0
311,23,1246,MoNbTaVW,0,0,0,0,0,0,0,0.2,0,0.2,0,0.2,0.2,0,0.2,0,0
312,600,862,MoNbTaVW,0,0,0,0,0,0,0,0.2,0,0.2,0,0.2,0.2,0,0.2,0,0
313,800,846,MoNbTaVW,0,0,0,0,0,0,0,0.2,0,0.2,0,0.2,0.2,0,0.2,0,0
314,1000,842,MoNbTaVW,0,0,0,0,0,0,0,0.2,0,0.2,0,0.2,0.2,0,0.2,0,0
315,1200,735,MoNbTaVW,0,0,0,0,0,0,0,0.2,0,0.2,0,0.2,0.2,0,0.2,0,0
316,1400,656,MoNbTaVW,0,0,0,0,0,0,0,0.2,0,0.2,0,0.2,0.2,0,0.2,0,0
317,1600,477,MoNbTaVW,0,0,0,0,0,0,0,0.2,0,0.2,0,0.2,0.2,0,0.2,0,0
318,2690,0,MoNbTaVW,0,0,0,0,0,0,0,0.2,0,0.2,0,0.2,0.2,0,0.2,0,0
319,23,1058,MoNbTaW,0,0,0,0,0,0,0,0.25,0,0,0,0.25,0.25,0,0.25,0,0
320,600,561,MoNbTaW,0,0,0,0,0,0,0,0.25,0,0,0,0.25,0.25,0,0.25,0,0
321,800,552,MoNbTaW,0,0,0,0,0,0,0,0.25,0,0,0,0.25,0.25,0,0.25,0,0
322,1000,548,MoNbTaW,0,0,0,0,0,0,0,0.25,0,0,0,0.25,0.25,0,0.25,0,0
323,1200,506,MoNbTaW,0,0,0,0,0,0,0,0.25,0,0,0,0.25,0.25,0,0.25,0,0
324,1400,421,MoNbTaW,0,0,0,0,0,0,0,0.25,0,0,0,0.25,0.25,0,0.25,0,0
325,1600,405,MoNbTaW,0,0,0,0,0,0,0,0.25,0,0,0,0.25,0.25,0,0.25,0,0
326,2885,0,MoNbTaW,0,0,0,0,0,0,0,0.25,0,0,0,0.25,0.25,0,0.25,0,0
327,850,310,N0.05Co45Cr25Fe15Ni15,0,0.25,0,0.15,0.45,0.15,0,0,0,0,0,0,0,0,0,0,0
328,850,240,N0.05Co45Cr25Fe15Ni15,0,0.25,0,0.15,0.45,0.15,0,0,0,0,0,0,0,0,0,0,0
329,850,160,N0.05Co45Cr25Fe15Ni15,0,0.25,0,0.15,0.45,0.15,0,0,0,0,0,0,0,0,0,0,0
330,900,260,N0.05Co45Cr25Fe15Ni15,0,0.25,0,0.15,0.45,0.15,0,0,0,0,0,0,0,0,0,0,0
331,900,190,N0.05Co45Cr25Fe15Ni15,0,0.25,0,0.15,0.45,0.15,0,0,0,0,0,0,0,0,0,0,0
332,900,100,N0.05Co45Cr25Fe15Ni15,0,0.25,0,0.15,0.45,0.15,0,0,0,0,0,0,0,0,0,0,0
333,950,210,N0.05Co45Cr25Fe15Ni15,0,0.25,0,0.15,0.45,0.15,0,0,0,0,0,0,0,0,0,0,0
334,950,130,N0.05Co45Cr25Fe15Ni15,0,0.25,0,0.15,0.45,0.15,0,0,0,0,0,0,0,0,0,0,0
335,950,70,N0.05Co45Cr25Fe15Ni15,0,0.25,0,0.15,0.45,0.15,0,0,0,0,0,0,0,0,0,0,0
336,1000,150,N0.05Co45Cr25Fe15Ni15,0,0.25,0,0.15,0.45,0.15,0,0,0,0,0,0,0,0,0,0,0
337,1000,80,N0.05Co45Cr25Fe15Ni15,0,0.25,0,0.15,0.45,0.15,0,0,0,0,0,0,0,0,0,0,0
338,1000,50,N0.05Co45Cr25Fe15Ni15,0,0.25,0,0.15,0.45,0.15,0,0,0,0,0,0,0,0,0,0,0
339,1598.49,0,N0.05Co45Cr25Fe15Ni15,0,0.25,0,0.15,0.45,0.15,0,0,0,0,0,0,0,0,0,0,0
340,22,675,Nb30Ti40Zr30,0,0,0,0,0,0,0,0,0.4,0,0.3,0.3,0,0,0,0,0
341,600,370,Nb30Ti40Zr30,0,0,0,0,0,0,0,0,0.4,0,0.3,0.3,0,0,0,0,0
342,700,210,Nb30Ti40Zr30,0,0,0,0,0,0,0,0,0.4,0,0.3,0.3,0,0,0,0,0
343,800,125,Nb30Ti40Zr30,0,0,0,0,0,0,0,0,0.4,0,0.3,0.3,0,0,0,0,0
344,1000,115,Nb30Ti40Zr30,0,0,0,0,0,0,0,0,0.4,0,0.3,0.3,0,0,0,0,0
345,1966.8,0,Nb30Ti40Zr30,0,0,0,0,0,0,0,0,0.4,0,0.3,0.3,0,0,0,0,0
346,-187,2112,NbTaTiVZr,0,0,0,0,0,0,0,0.2,0.2,0.2,0.2,0.2,0,0,0,0,0
347,25,1513,NbTaTiVZr,0,0,0,0,0,0,0,0.2,0.2,0.2,0.2,0.2,0,0,0,0,0
348,1200,78,NbTaTiVZr,0,0,0,0,0,0,0,0.2,0.2,0.2,0.2,0.2,0,0,0,0,0
349,2185.4,0,NbTaTiVZr,0,0,0,0,0,0,0,0.2,0.2,0.2,0.2,0.2,0,0,0,0,0
350,25,918,NbTiV2Zr,0,0,0,0,0,0,0,0,0.2,0.4,0.2,0.2,0,0,0,0,0
351,600,571,NbTiV2Zr,0,0,0,0,0,0,0,0,0.2,0.4,0.2,0.2,0,0,0,0,0
352,800,240,NbTiV2Zr,0,0,0,0,0,0,0,0,0.2,0.4,0.2,0.2,0,0,0,0,0
353,1000,72,NbTiV2Zr,0,0,0,0,0,0,0,0,0.2,0.4,0.2,0.2,0,0,0,0,0
354,1964,0,NbTiV2Zr,0,0,0,0,0,0,0,0,0.2,0.4,0.2,0.2,0,0,0,0,0
355,25,1105,NbTiVZr,0,0,0,0,0,0,0,0,0.25,0.25,0.25,0.25,0,0,0,0,0
356,600,834,NbTiVZr,0,0,0,0,0,0,0,0,0.25,0.25,0.25,0.25,0,0,0,0,0
357,800,187,NbTiVZr,0,0,0,0,0,0,0,0,0.25,0.25,0.25,0.25,0,0,0,0,0
358,1000,58,NbTiVZr,0,0,0,0,0,0,0,0,0.25,0.25,0.25,0.25,0,0,0,0,0
359,1978,0,NbTiVZr,0,0,0,0,0,0,0,0,0.25,0.25,0.25,0.25,0,0,0,0,0
360,25,354,Al0.05Cr0.5FeMn0.625Ni0.375,0.019607843,0.196078431,0.245098039,0.392156863,0,0.147058824,0,0,0,0,0,0,0,0,0,0,0
361,400,260,Al0.05Cr0.5FeMn0.625Ni0.375,0.019607843,0.196078431,0.245098039,0.392156863,0,0.147058824,0,0,0,0,0,0,0,0,0,0,0
362,600,155,Al0.05Cr0.5FeMn0.625Ni0.375,0.019607843,0.196078431,0.245098039,0.392156863,0,0.147058824,0,0,0,0,0,0,0,0,0,0,0
363,1447.64,0,Al0.05Cr0.5FeMn0.625Ni0.375,0.019607843,0.196078431,0.245098039,0.392156863,0,0.147058824,0,0,0,0,0,0,0,0,0,0,0
364,25,550,Al0.15Cr0.5FeMn0.625Ni0.375,0.056603774,0.188679245,0.235849057,0.377358491,0,0.141509434,0,0,0,0,0,0,0,0,0,0,0
365,400,469,Al0.15Cr0.5FeMn0.625Ni0.375,0.056603774,0.188679245,0.235849057,0.377358491,0,0.141509434,0,0,0,0,0,0,0,0,0,0,0
366,600,272,Al0.15Cr0.5FeMn0.625Ni0.375,0.056603774,0.188679245,0.235849057,0.377358491,0,0.141509434,0,0,0,0,0,0,0,0,0,0,0
367,1448.39,0,Al0.15Cr0.5FeMn0.625Ni0.375,0.056603774,0.188679245,0.235849057,0.377358491,0,0.141509434,0,0,0,0,0,0,0,0,0,0,0
368,25,1965,Al0.214Nb0.714Ta0.571TiV0.143Zr0.929,0.059927191,0,0,0,0,0,0,0.159899188,0.280033604,0.040044805,0.260151218,0.199943993,0,0,0,0,0
369,800,678,Al0.214Nb0.714Ta0.571TiV0.143Zr0.929,0.059927191,0,0,0,0,0,0,0.159899188,0.280033604,0.040044805,0.260151218,0.199943993,0,0,0,0,0
370,1000,166,Al0.214Nb0.714Ta0.571TiV0.143Zr0.929,0.059927191,0,0,0,0,0,0,0.159899188,0.280033604,0.040044805,0.260151218,0.199943993,0,0,0,0,0
371,2043.42,0,Al0.214Nb0.714Ta0.571TiV0.143Zr0.929,0.059927191,0,0,0,0,0,0,0.159899188,0.280033604,0.040044805,0.260151218,0.199943993,0,0,0,0,0
372,25,1965,Al0.214Nb0.714Ta0.714TiZr0.929,0.059927191,0,0,0,0,0,0,0.199943993,0.280033604,0,0.260151218,0.199943993,0,0,0,0,0
373,800,362,Al0.214Nb0.714Ta0.714TiZr0.929,0.059927191,0,0,0,0,0,0,0.199943993,0.280033604,0,0.260151218,0.199943993,0,0,0,0,0
374,1000,236,Al0.214Nb0.714Ta0.714TiZr0.929,0.059927191,0,0,0,0,0,0,0.199943993,0.280033604,0,0.260151218,0.199943993,0,0,0,0,0
375,2087.75,0,Al0.214Nb0.714Ta0.714TiZr0.929,0.059927191,0,0,0,0,0,0,0.199943993,0.280033604,0,0.260151218,0.199943993,0,0,0,0,0
376,23,1240,Al0.24NbTiVZr,0.056603774,0,0,0,0,0,0,0,0.235849057,0.235849057,0.235849057,0.235849057,0,0,0,0,0
377,1000,82,Al0.24NbTiVZr,0.056603774,0,0,0,0,0,0,0,0.235849057,0.235849057,0.235849057,0.235849057,0,0,0,0,0
378,1200,24,Al0.24NbTiVZr,0.056603774,0,0,0,0,0,0,0,0.235849057,0.235849057,0.235849057,0.235849057,0,0,0,0,0
379,1902.95,0,Al0.24NbTiVZr,0.056603774,0,0,0,0,0,0,0,0.235849057,0.235849057,0.235849057,0.235849057,0,0,0,0,0
380,25,994,Al0.25Cr0.5FeMn0.625Ni0.375,0.090909091,0.181818182,0.227272727,0.363636364,0,0.136363636,0,0,0,0,0,0,0,0,0,0,0
381,400,943,Al0.25Cr0.5FeMn0.625Ni0.375,0.090909091,0.181818182,0.227272727,0.363636364,0,0.136363636,0,0,0,0,0,0,0,0,0,0,0
382,600,359,Al0.25Cr0.5FeMn0.625Ni0.375,0.090909091,0.181818182,0.227272727,0.363636364,0,0.136363636,0,0,0,0,0,0,0,0,0,0,0
383,1447.64,0,Al0.25Cr0.5FeMn0.625Ni0.375,0.090909091,0.181818182,0.227272727,0.363636364,0,0.136363636,0,0,0,0,0,0,0,0,0,0,0
384,25,1340,Al0.25Cr0.5Nb0.5TiV0.25,0.1,0.2,0,0,0,0,0,0,0.4,0.1,0,0.2,0,0,0,0,0
385,600,930,Al0.25Cr0.5Nb0.5TiV0.25,0.1,0.2,0,0,0,0,0,0,0.4,0.1,0,0.2,0,0,0,0,0
386,800,445,Al0.25Cr0.5Nb0.5TiV0.25,0.1,0.2,0,0,0,0,0,0,0.4,0.1,0,0.2,0,0,0,0,0
387,1000,90,Al0.25Cr0.5Nb0.5TiV0.25,0.1,0.2,0,0,0,0,0,0,0.4,0.1,0,0.2,0,0,0,0,0
388,1801.05,0,Al0.25Cr0.5Nb0.5TiV0.25,0.1,0.2,0,0,0,0,0,0,0.4,0.1,0,0.2,0,0,0,0,0
389,23,627,Al0.278Co0.694Cr0.222Fe0.417NiTi0.167,0.100071994,0.079913607,0,0.150107991,0.249820014,0.359971202,0,0,0.060115191,0,0,0,0,0,0,0,0
390,23,520,Al0.278Co0.694Cr0.222Fe0.417NiTi0.167,0.100071994,0.079913607,0,0.150107991,0.249820014,0.359971202,0,0,0.060115191,0,0,0,0,0,0,0,0
391,600,594,Al0.278Co0.694Cr0.222Fe0.417NiTi0.167,0.100071994,0.079913607,0,0.150107991,0.249820014,0.359971202,0,0,0.060115191,0,0,0,0,0,0,0,0
392,600,470,Al0.278Co0.694Cr0.222Fe0.417NiTi0.167,0.100071994,0.079913607,0,0.150107991,0.249820014,0.359971202,0,0,0.060115191,0,0,0,0,0,0,0,0
393,700,486,Al0.278Co0.694Cr0.222Fe0.417NiTi0.167,0.100071994,0.079913607,0,0.150107991,0.249820014,0.359971202,0,0,0.060115191,0,0,0,0,0,0,0,0
394,700,487,Al0.278Co0.694Cr0.222Fe0.417NiTi0.167,0.100071994,0.079913607,0,0.150107991,0.249820014,0.359971202,0,0,0.060115191,0,0,0,0,0,0,0,0
395,700,547,Al0.278Co0.694Cr0.222Fe0.417NiTi0.167,0.100071994,0.079913607,0,0.150107991,0.249820014,0.359971202,0,0,0.060115191,0,0,0,0,0,0,0,0
396,700,461,Al0.278Co0.694Cr0.222Fe0.417NiTi0.167,0.100071994,0.079913607,0,0.150107991,0.249820014,0.359971202,0,0,0.060115191,0,0,0,0,0,0,0,0
397,800,445,Al0.278Co0.694Cr0.222Fe0.417NiTi0.167,0.100071994,0.079913607,0,0.150107991,0.249820014,0.359971202,0,0,0.060115191,0,0,0,0,0,0,0,0
398,800,399,Al0.278Co0.694Cr0.222Fe0.417NiTi0.167,0.100071994,0.079913607,0,0.150107991,0.249820014,0.359971202,0,0,0.060115191,0,0,0,0,0,0,0,0
399,900,243,Al0.278Co0.694Cr0.222Fe0.417NiTi0.167,0.100071994,0.079913607,0,0.150107991,0.249820014,0.359971202,0,0,0.060115191,0,0,0,0,0,0,0,0
400,900,219,Al0.278Co0.694Cr0.222Fe0.417NiTi0.167,0.100071994,0.079913607,0,0.150107991,0.249820014,0.359971202,0,0,0.060115191,0,0,0,0,0,0,0,0
401,1446.87,0,Al0.278Co0.694Cr0.222Fe0.417NiTi0.167,0.100071994,0.079913607,0,0.150107991,0.249820014,0.359971202,0,0,0.060115191,0,0,0,0,0,0,0,0
402,25,2035,Al0.333Nb0.667Ta0.533TiV0.133Zr0.667,0.099909991,0,0,0,0,0,0,0.159915992,0.300030003,0.03990399,0.200120012,0.200120012,0,0,0,0,0
403,800,796,Al0.333Nb0.667Ta0.533TiV0.133Zr0.667,0.099909991,0,0,0,0,0,0,0.159915992,0.300030003,0.03990399,0.200120012,0.200120012,0,0,0,0,0
404,1000,220,Al0.333Nb0.667Ta0.533TiV0.133Zr0.667,0.099909991,0,0,0,0,0,0,0.159915992,0.300030003,0.03990399,0.200120012,0.200120012,0,0,0,0,0
405,1992.04,0,Al0.333Nb0.667Ta0.533TiV0.133Zr0.667,0.099909991,0,0,0,0,0,0,0.159915992,0.300030003,0.03990399,0.200120012,0.200120012,0,0,0,0,0
406,25,866,Al0.343Co0.514Cr0.514FeNi0.514,0.118890815,0.178162912,0,0.346620451,0.178162912,0.178162912,0,0,0,0,0,0,0,0,0,0,0
407,650,400,Al0.343Co0.514Cr0.514FeNi0.514,0.118890815,0.178162912,0,0.346620451,0.178162912,0.178162912,0,0,0,0,0,0,0,0,0,0,0
408,700,220,Al0.343Co0.514Cr0.514FeNi0.514,0.118890815,0.178162912,0,0.346620451,0.178162912,0.178162912,0,0,0,0,0,0,0,0,0,0,0
409,1476.97,0,Al0.343Co0.514Cr0.514FeNi0.514,0.118890815,0.178162912,0,0.346620451,0.178162912,0.178162912,0,0,0,0,0,0,0,0,0,0,0
410,25,942,Al0.35Cr0.5FeMn0.625Ni0.375,0.122807018,0.175438596,0.219298246,0.350877193,0,0.131578947,0,0,0,0,0,0,0,0,0,0,0
411,400,833,Al0.35Cr0.5FeMn0.625Ni0.375,0.122807018,0.175438596,0.219298246,0.350877193,0,0.131578947,0,0,0,0,0,0,0,0,0,0,0
412,600,326,Al0.35Cr0.5FeMn0.625Ni0.375,0.122807018,0.175438596,0.219298246,0.350877193,0,0.131578947,0,0,0,0,0,0,0,0,0,0,0
413,1420.02,0,Al0.35Cr0.5FeMn0.625Ni0.375,0.122807018,0.175438596,0.219298246,0.350877193,0,0.131578947,0,0,0,0,0,0,0,0,0,0,0
414,25,1284,Al0.5CoCrCuFeNi,0.090909091,0.181818182,0,0.181818182,0.181818182,0.181818182,0.181818182,0,0,0,0,0,0,0,0,0,0
415,300,411,Al0.5CoCrCuFeNi,0.090909091,0.181818182,0,0.181818182,0.181818182,0.181818182,0.181818182,0,0,0,0,0,0,0,0,0,0
416,500,421,Al0.5CoCrCuFeNi,0.090909091,0.181818182,0,0.181818182,0.181818182,0.181818182,0.181818182,0,0,0,0,0,0,0,0,0,0
417,700,426,Al0.5CoCrCuFeNi,0.090909091,0.181818182,0,0.181818182,0.181818182,0.181818182,0.181818182,0,0,0,0,0,0,0,0,0,0
418,900,230,Al0.5CoCrCuFeNi,0.090909091,0.181818182,0,0.181818182,0.181818182,0.181818182,0.181818182,0,0,0,0,0,0,0,0,0,0
419,1000,150,Al0.5CoCrCuFeNi,0.090909091,0.181818182,0,0.181818182,0.181818182,0.181818182,0.181818182,0,0,0,0,0,0,0,0,0,0
420,1100,80,Al0.5CoCrCuFeNi,0.090909091,0.181818182,0,0.181818182,0.181818182,0.181818182,0.181818182,0,0,0,0,0,0,0,0,0,0
421,1419.97,0,Al0.5CoCrCuFeNi,0.090909091,0.181818182,0,0.181818182,0.181818182,0.181818182,0.181818182,0,0,0,0,0,0,0,0,0,0
422,25,1700,Al0.667CrNb0.667Ti0.667V0.667,0.181842966,0.272628135,0,0,0,0,0,0,0.181842966,0.181842966,0,0.181842966,0,0,0,0,0
423,600,1370,Al0.667CrNb0.667Ti0.667V0.667,0.181842966,0.272628135,0,0,0,0,0,0,0.181842966,0.181842966,0,0.181842966,0,0,0,0,0
424,800,970,Al0.667CrNb0.667Ti0.667V0.667,0.181842966,0.272628135,0,0,0,0,0,0,0.181842966,0.181842966,0,0.181842966,0,0,0,0,0
425,1000,75,Al0.667CrNb0.667Ti0.667V0.667,0.181842966,0.272628135,0,0,0,0,0,0,0.181842966,0.181842966,0,0.181842966,0,0,0,0,0
426,1741.07,0,Al0.667CrNb0.667Ti0.667V0.667,0.181842966,0.272628135,0,0,0,0,0,0,0.181842966,0.181842966,0,0.181842966,0,0,0,0,0
427,25,1535,Al0.667Nb0.667Ti0.667V0.667Zr,0.181842966,0,0,0,0,0,0,0,0.181842966,0.181842966,0.272628135,0.181842966,0,0,0,0,0
428,600,1195,Al0.667Nb0.667Ti0.667V0.667Zr,0.181842966,0,0,0,0,0,0,0,0.181842966,0.181842966,0.272628135,0.181842966,0,0,0,0,0
429,800,180,Al0.667Nb0.667Ti0.667V0.667Zr,0.181842966,0,0,0,0,0,0,0,0.181842966,0.181842966,0.272628135,0.181842966,0,0,0,0,0
430,1726.89,0,Al0.667Nb0.667Ti0.667V0.667Zr,0.181842966,0,0,0,0,0,0,0,0.181842966,0.181842966,0.272628135,0.181842966,0,0,0,0,0
431,25,1280,Al0.667NbTa0.333TiZr0.333,0.200120012,0,0,0,0,0,0,0.099909991,0.300030003,0,0.099909991,0.300030003,0,0,0,0,0
432,800,728,Al0.667NbTa0.333TiZr0.333,0.200120012,0,0,0,0,0,0,0.099909991,0.300030003,0,0.099909991,0.300030003,0,0,0,0,0
433,1000,403,Al0.667NbTa0.333TiZr0.333,0.200120012,0,0,0,0,0,0,0.099909991,0.300030003,0,0.099909991,0.300030003,0,0,0,0,0
434,1862.57,0,Al0.667NbTa0.333TiZr0.333,0.200120012,0,0,0,0,0,0,0.099909991,0.300030003,0,0.099909991,0.300030003,0,0,0,0,0
435,25,1620,AlCo0.5Cr0.5Cu0.5Fe0.5Ni0.5,0.285714286,0.142857143,0,0.142857143,0.142857143,0.142857143,0.142857143,0,0,0,0,0,0,0,0,0,0
436,500,1120,AlCo0.5Cr0.5Cu0.5Fe0.5Ni0.5,0.285714286,0.142857143,0,0.142857143,0.142857143,0.142857143,0.142857143,0,0,0,0,0,0,0,0,0,0
437,600,805,AlCo0.5Cr0.5Cu0.5Fe0.5Ni0.5,0.285714286,0.142857143,0,0.142857143,0.142857143,0.142857143,0.142857143,0,0,0,0,0,0,0,0,0,0
438,700,567,AlCo0.5Cr0.5Cu0.5Fe0.5Ni0.5,0.285714286,0.142857143,0,0.142857143,0.142857143,0.142857143,0.142857143,0,0,0,0,0,0,0,0,0,0
439,800,302,AlCo0.5Cr0.5Cu0.5Fe0.5Ni0.5,0.285714286,0.142857143,0,0.142857143,0.142857143,0.142857143,0.142857143,0,0,0,0,0,0,0,0,0,0
440,900,214,AlCo0.5Cr0.5Cu0.5Fe0.5Ni0.5,0.285714286,0.142857143,0,0.142857143,0.142857143,0.142857143,0.142857143,0,0,0,0,0,0,0,0,0,0
441,1000,116,AlCo0.5Cr0.5Cu0.5Fe0.5Ni0.5,0.285714286,0.142857143,0,0.142857143,0.142857143,0.142857143,0.142857143,0,0,0,0,0,0,0,0,0,0
442,1100,79,AlCo0.5Cr0.5Cu0.5Fe0.5Ni0.5,0.285714286,0.142857143,0,0.142857143,0.142857143,0.142857143,0.142857143,0,0,0,0,0,0,0,0,0,0
443,1257.23,0,AlCo0.5Cr0.5Cu0.5Fe0.5Ni0.5,0.285714286,0.142857143,0,0.142857143,0.142857143,0.142857143,0.142857143,0,0,0,0,0,0,0,0,0,0
444,25,948,AlCoCrCuFeNi,0.166666667,0.166666667,0,0.166666667,0.166666667,0.166666667,0.166666667,0,0,0,0,0,0,0,0,0,0
445,600,561,AlCoCrCuFeNi,0.166666667,0.166666667,0,0.166666667,0.166666667,0.166666667,0.166666667,0,0,0,0,0,0,0,0,0,0
446,700,307,AlCoCrCuFeNi,0.166666667,0.166666667,0,0.166666667,0.166666667,0.166666667,0.166666667,0,0,0,0,0,0,0,0,0,0
447,800,172,AlCoCrCuFeNi,0.166666667,0.166666667,0,0.166666667,0.166666667,0.166666667,0.166666667,0,0,0,0,0,0,0,0,0,0
448,900,98,AlCoCrCuFeNi,0.166666667,0.166666667,0,0.166666667,0.166666667,0.166666667,0.166666667,0,0,0,0,0,0,0,0,0,0
449,1000,47,AlCoCrCuFeNi,0.166666667,0.166666667,0,0.166666667,0.166666667,0.166666667,0.166666667,0,0,0,0,0,0,0,0,0,0
450,1356.68,0,AlCoCrCuFeNi,0.166666667,0.166666667,0,0.166666667,0.166666667,0.166666667,0.166666667,0,0,0,0,0,0,0,0,0,0
451,20,1511,AlCrCuFeNi,0.2,0.2,0,0.2,0,0.2,0.2,0,0,0,0,0,0,0,0,0,0
452,400,1366,AlCrCuFeNi,0.2,0.2,0,0.2,0,0.2,0.2,0,0,0,0,0,0,0,0,0,0
453,600,410,AlCrCuFeNi,0.2,0.2,0,0.2,0,0.2,0.2,0,0,0,0,0,0,0,0,0,0
454,800,48,AlCrCuFeNi,0.2,0.2,0,0.2,0,0.2,0.2,0,0,0,0,0,0,0,0,0,0
455,1329.02,0,AlCrCuFeNi,0.2,0.2,0,0.2,0,0.2,0.2,0,0,0,0,0,0,0,0,0,0
456,20,740,AlNbTaTi,0.25,0,0,0,0,0,0,0.25,0.25,0,0,0.25,0,0,0,0,0
457,100,740,AlNbTaTi,0.25,0,0,0,0,0,0,0.25,0.25,0,0,0.25,0,0,0,0,0
458,200,740,AlNbTaTi,0.25,0,0,0,0,0,0,0.25,0.25,0,0,0.25,0,0,0,0,0
459,1955.63,0,AlNbTaTi,0.25,0,0,0,0,0,0,0.25,0.25,0,0,0.25,0,0,0,0,0
460,25,1020,AlNbTiV,0.25,0,0,0,0,0,0,0,0.25,0.25,0,0.25,0,0,0,0,0
461,25,1000,AlNbTiV,0.25,0,0,0,0,0,0,0,0.25,0.25,0,0.25,0,0,0,0,0
462,600,810,AlNbTiV,0.25,0,0,0,0,0,0,0,0.25,0.25,0,0.25,0,0,0,0,0
463,600,780,AlNbTiV,0.25,0,0,0,0,0,0,0,0.25,0.25,0,0.25,0,0,0,0,0
464,800,685,AlNbTiV,0.25,0,0,0,0,0,0,0,0.25,0.25,0,0.25,0,0,0,0,0
465,800,560,AlNbTiV,0.25,0,0,0,0,0,0,0,0.25,0.25,0,0.25,0,0,0,0,0
466,1000,158,AlNbTiV,0.25,0,0,0,0,0,0,0,0.25,0.25,0,0.25,0,0,0,0,0
467,1000,110,AlNbTiV,0.25,0,0,0,0,0,0,0,0.25,0.25,0,0.25,0,0,0,0,0
468,1679,0,AlNbTiV,0.25,0,0,0,0,0,0,0,0.25,0.25,0,0.25,0,0,0,0,0
469,-196,419,Co0.5Fe0.5Mo0.1NiV0.25,0,0,0,0.212765957,0.212765957,0.425531915,0,0,0,0.106382979,0,0,0.042553191,0,0,0,0
470,-70,350,Co0.5Fe0.5Mo0.1NiV0.25,0,0,0,0.212765957,0.212765957,0.425531915,0,0,0,0.106382979,0,0,0.042553191,0,0,0,0
471,20,252,Co0.5Fe0.5Mo0.1NiV0.25,0,0,0,0.212765957,0.212765957,0.425531915,0,0,0,0.106382979,0,0,0.042553191,0,0,0,0
472,600,214,Co0.5Fe0.5Mo0.1NiV0.25,0,0,0,0.212765957,0.212765957,0.425531915,0,0,0,0.106382979,0,0,0.042553191,0,0,0,0
473,700,212,Co0.5Fe0.5Mo0.1NiV0.25,0,0,0,0.212765957,0.212765957,0.425531915,0,0,0,0.106382979,0,0,0.042553191,0,0,0,0
474,800,187,Co0.5Fe0.5Mo0.1NiV0.25,0,0,0,0.212765957,0.212765957,0.425531915,0,0,0,0.106382979,0,0,0.042553191,0,0,0,0
475,1579.28,0,Co0.5Fe0.5Mo0.1NiV0.25,0,0,0,0.212765957,0.212765957,0.425531915,0,0,0,0.106382979,0,0,0.042553191,0,0,0,0
476,20,252,Co0.5Fe0.5Mo0.1NiV0.25,0,0,0,0.212765957,0.212765957,0.425531915,0,0,0,0.106382979,0,0,0.042553191,0,0,0,0
477,600,214,Co0.5Fe0.5Mo0.1NiV0.25,0,0,0,0.212765957,0.212765957,0.425531915,0,0,0,0.106382979,0,0,0.042553191,0,0,0,0
478,700,212,Co0.5Fe0.5Mo0.1NiV0.25,0,0,0,0.212765957,0.212765957,0.425531915,0,0,0,0.106382979,0,0,0.042553191,0,0,0,0
479,800,187,Co0.5Fe0.5Mo0.1NiV0.25,0,0,0,0.212765957,0.212765957,0.425531915,0,0,0,0.106382979,0,0,0.042553191,0,0,0,0
480,1579.28,0,Co0.5Fe0.5Mo0.1NiV0.25,0,0,0,0.212765957,0.212765957,0.425531915,0,0,0,0.106382979,0,0,0.042553191,0,0,0,0
481,25,219,Cr0.5FeMn0.625Ni0.375,0,0.2,0.25,0.4,0,0.15,0,0,0,0,0,0,0,0,0,0,0
482,400,132,Cr0.5FeMn0.625Ni0.375,0,0.2,0.25,0.4,0,0.15,0,0,0,0,0,0,0,0,0,0,0
483,600,115,Cr0.5FeMn0.625Ni0.375,0,0.2,0.25,0.4,0,0.15,0,0,0,0,0,0,0,0,0,0,0
484,1519.86,0,Cr0.5FeMn0.625Ni0.375,0,0.2,0.25,0.4,0,0.15,0,0,0,0,0,0,0,0,0,0,0
485,23,1576,Cr3NbTiZr,0,0.5,0,0,0,0,0,0,0.166666667,0,0.166666667,0.166666667,0,0,0,0,0
486,1000,139,Cr3NbTiZr,0,0.5,0,0,0,0,0,0,0.166666667,0,0.166666667,0.166666667,0,0,0,0,0
487,1200,32,Cr3NbTiZr,0,0.5,0,0,0,0,0,0,0.166666667,0,0.166666667,0.166666667,0,0,0,0,0
488,1953.5,0,Cr3NbTiZr,0,0.5,0,0,0,0,0,0,0.166666667,0,0.166666667,0.166666667,0,0,0,0,0
489,20,1630,CrMoNbTi,0,0.25,0,0,0,0,0,0,0.25,0,0,0.25,0.25,0,0,0,0
490,200,1268,CrMoNbTi,0,0.25,0,0,0,0,0,0,0.25,0,0,0.25,0.25,0,0,0,0
491,400,1115,CrMoNbTi,0,0.25,0,0,0,0,0,0,0.25,0,0,0.25,0.25,0,0,0,0
492,600,1062,CrMoNbTi,0,0.25,0,0,0,0,0,0,0.25,0,0,0.25,0.25,0,0,0,0
493,800,1058,CrMoNbTi,0,0.25,0,0,0,0,0,0,0.25,0,0,0.25,0.25,0,0,0,0
494,2168.75,0,CrMoNbTi,0,0.25,0,0,0,0,0,0,0.25,0,0,0.25,0.25,0,0,0,0
495,25,1518,CrMoNbV,0,0.25,0,0,0,0,0,0,0,0.25,0,0.25,0.25,0,0,0,0
496,300,1432,CrMoNbV,0,0.25,0,0,0,0,0,0,0,0.25,0,0.25,0.25,0,0,0,0
497,500,1270,CrMoNbV,0,0.25,0,0,0,0,0,0,0,0.25,0,0.25,0.25,0,0,0,0
498,700,1142,CrMoNbV,0,0.25,0,0,0,0,0,0,0,0.25,0,0.25,0.25,0,0,0,0
499,800,1121,CrMoNbV,0,0.25,0,0,0,0,0,0,0,0.25,0,0.25,0.25,0,0,0,0
500,900,1095,CrMoNbV,0,0.25,0,0,0,0,0,0,0,0.25,0,0.25,0.25,0,0,0,0
501,1000,1080,CrMoNbV,0,0.25,0,0,0,0,0,0,0,0.25,0,0.25,0.25,0,0,0,0
502,2229,0,CrMoNbV,0,0.25,0,0,0,0,0,0,0,0.25,0,0.25,0.25,0,0,0,0
503,20,1795,CrMoTaTi,0,0.25,0,0,0,0,0,0.25,0.25,0,0,0,0.25,0,0,0,0
504,100,1506,CrMoTaTi,0,0.25,0,0,0,0,0,0.25,0.25,0,0,0,0.25,0,0,0,0
505,200,1266,CrMoTaTi,0,0.25,0,0,0,0,0,0.25,0.25,0,0,0,0.25,0,0,0,0
506,300,1183,CrMoTaTi,0,0.25,0,0,0,0,0,0.25,0.25,0,0,0,0.25,0,0,0,0
507,400,1175,CrMoTaTi,0,0.25,0,0,0,0,0,0.25,0.25,0,0,0,0.25,0,0,0,0
508,600,1162,CrMoTaTi,0,0.25,0,0,0,0,0,0.25,0.25,0,0,0,0.25,0,0,0,0
509,800,1162,CrMoTaTi,0,0.25,0,0,0,0,0,0.25,0.25,0,0,0,0.25,0,0,0,0
510,1000,1159,CrMoTaTi,0,0.25,0,0,0,0,0,0.25,0.25,0,0,0,0.25,0,0,0,0
511,2303.75,0,CrMoTaTi,0,0.25,0,0,0,0,0,0.25,0.25,0,0,0,0.25,0,0,0,0
512,23,1576,CrNb0.333Ti0.333Zr0.333,0,0.500250125,0,0,0,0,0,0,0.166583292,0,0.166583292,0.166583292,0,0,0,0,0
513,1000,139,CrNb0.333Ti0.333Zr0.333,0,0.500250125,0,0,0,0,0,0,0.166583292,0,0.166583292,0.166583292,0,0,0,0,0
514,1200,32,CrNb0.333Ti0.333Zr0.333,0,0.500250125,0,0,0,0,0,0,0.166583292,0,0.166583292,0.166583292,0,0,0,0,0
515,1953.48,0,CrNb0.333Ti0.333Zr0.333,0,0.500250125,0,0,0,0,0,0,0.166583292,0,0.166583292,0.166583292,0,0,0,0,0
516,25,2034,CrTaTi0.17VW,0,0.239808153,0,0,0,0,0,0.239808153,0.040767386,0.239808153,0,0,0,0,0.239808153,0,0
517,1200,750,CrTaTi0.17VW,0,0.239808153,0,0,0,0,0,0.239808153,0.040767386,0.239808153,0,0,0,0,0.239808153,0,0
518,2527.47,0,CrTaTi0.17VW,0,0.239808153,0,0,0,0,0,0.239808153,0.040767386,0.239808153,0,0,0,0,0.239808153,0,0
519,25,1065,Hf0.25Nb0.25TiV0.5Zr0.5,0,0,0,0,0,0,0,0,0.444444444,0.222222222,0.222222222,0.111111111,0,0,0,0,0
520,600,718,Hf0.25Nb0.25TiV0.5Zr0.5,0,0,0,0,0,0,0,0,0.444444444,0.222222222,0.222222222,0.111111111,0,0,0,0,0
521,800,135,Hf0.25Nb0.25TiV0.5Zr0.5,0,0,0,0,0,0,0,0,0.444444444,0.222222222,0.222222222,0.111111111,0,0,0,0,0
522,1891.2,0,Hf0.25Nb0.25TiV0.5Zr0.5,0,0,0,0,0,0,0,0,0.444444444,0.222222222,0.222222222,0.111111111,0,0,0,0,0
523,25,980,Hf0.25Nb0.5TiV0.5Zr0.5,0,0,0,0,0,0,0,0,0.4,0.2,0.2,0.2,0,0,0,0,0
524,600,859,Hf0.25Nb0.5TiV0.5Zr0.5,0,0,0,0,0,0,0,0,0.4,0.2,0.2,0.2,0,0,0,0,0
525,800,195,Hf0.25Nb0.5TiV0.5Zr0.5,0,0,0,0,0,0,0,0,0.4,0.2,0.2,0.2,0,0,0,0,0
526,1944.45,0,Hf0.25Nb0.5TiV0.5Zr0.5,0,0,0,0,0,0,0,0,0.4,0.2,0.2,0.2,0,0,0,0,0
527,25,1160,Hf0.25TiV0.5Zr0.5,0,0,0,0,0,0,0,0,0.5,0.25,0.25,0,0,0,0,0,0
528,600,405,Hf0.25TiV0.5Zr0.5,0,0,0,0,0,0,0,0,0.5,0.25,0.25,0,0,0,0,0,0
529,800,85,Hf0.25TiV0.5Zr0.5,0,0,0,0,0,0,0,0,0.5,0.25,0.25,0,0,0,0,0,0
530,1826.11,0,Hf0.25TiV0.5Zr0.5,0,0,0,0,0,0,0,0,0.5,0.25,0.25,0,0,0,0,0,0
531,25,845,Hf0.26NbTaTi0.578Zr0.416,0,0,0,0,0,0,0,0.334001336,0.193052772,0,0.138944556,0.334001336,0,0,0,0,0
532,60,795,Hf0.26NbTaTi0.578Zr0.416,0,0,0,0,0,0,0,0.334001336,0.193052772,0,0.138944556,0.334001336,0,0,0,0,0
533,100,765,Hf0.26NbTaTi0.578Zr0.416,0,0,0,0,0,0,0,0.334001336,0.193052772,0,0.138944556,0.334001336,0,0,0,0,0
534,200,650,Hf0.26NbTaTi0.578Zr0.416,0,0,0,0,0,0,0,0.334001336,0.193052772,0,0.138944556,0.334001336,0,0,0,0,0
535,300,590,Hf0.26NbTaTi0.578Zr0.416,0,0,0,0,0,0,0,0.334001336,0.193052772,0,0.138944556,0.334001336,0,0,0,0,0
536,2400.23,0,Hf0.26NbTaTi0.578Zr0.416,0,0,0,0,0,0,0,0.334001336,0.193052772,0,0.138944556,0.334001336,0,0,0,0,0
537,-268.8,2210,Hf0.5Nb0.667Ta0.333TiZr0.833,0,0,0,0,0,0,0,0.11754324,0.352982704,0,0.294034592,0.235439463,0,0,0,0,0
538,-268.8,2390,Hf0.5Nb0.667Ta0.333TiZr0.833,0,0,0,0,0,0,0,0.11754324,0.352982704,0,0.294034592,0.235439463,0,0,0,0,0
539,-268.8,2250,Hf0.5Nb0.667Ta0.333TiZr0.833,0,0,0,0,0,0,0,0.11754324,0.352982704,0,0.294034592,0.235439463,0,0,0,0,0
540,-196,1880,Hf0.5Nb0.667Ta0.333TiZr0.833,0,0,0,0,0,0,0,0.11754324,0.352982704,0,0.294034592,0.235439463,0,0,0,0,0
541,-196,1920,Hf0.5Nb0.667Ta0.333TiZr0.833,0,0,0,0,0,0,0,0.11754324,0.352982704,0,0.294034592,0.235439463,0,0,0,0,0
542,-196,1750,Hf0.5Nb0.667Ta0.333TiZr0.833,0,0,0,0,0,0,0,0.11754324,0.352982704,0,0.294034592,0.235439463,0,0,0,0,0
543,-153,1370,Hf0.5Nb0.667Ta0.333TiZr0.833,0,0,0,0,0,0,0,0.11754324,0.352982704,0,0.294034592,0.235439463,0,0,0,0,0
544,-153,1640,Hf0.5Nb0.667Ta0.333TiZr0.833,0,0,0,0,0,0,0,0.11754324,0.352982704,0,0.294034592,0.235439463,0,0,0,0,0
545,-153,1550,Hf0.5Nb0.667Ta0.333TiZr0.833,0,0,0,0,0,0,0,0.11754324,0.352982704,0,0.294034592,0.235439463,0,0,0,0,0
546,-103,1380,Hf0.5Nb0.667Ta0.333TiZr0.833,0,0,0,0,0,0,0,0.11754324,0.352982704,0,0.294034592,0.235439463,0,0,0,0,0
547,-103,1370,Hf0.5Nb0.667Ta0.333TiZr0.833,0,0,0,0,0,0,0,0.11754324,0.352982704,0,0.294034592,0.235439463,0,0,0,0,0
548,-103,1250,Hf0.5Nb0.667Ta0.333TiZr0.833,0,0,0,0,0,0,0,0.11754324,0.352982704,0,0.294034592,0.235439463,0,0,0,0,0
549,-43,1180,Hf0.5Nb0.667Ta0.333TiZr0.833,0,0,0,0,0,0,0,0.11754324,0.352982704,0,0.294034592,0.235439463,0,0,0,0,0
550,-43,1200,Hf0.5Nb0.667Ta0.333TiZr0.833,0,0,0,0,0,0,0,0.11754324,0.352982704,0,0.294034592,0.235439463,0,0,0,0,0
551,-43,1020,Hf0.5Nb0.667Ta0.333TiZr0.833,0,0,0,0,0,0,0,0.11754324,0.352982704,0,0.294034592,0.235439463,0,0,0,0,0
552,25,1150,Hf0.5Nb0.667Ta0.333TiZr0.833,0,0,0,0,0,0,0,0.11754324,0.352982704,0,0.294034592,0.235439463,0,0,0,0,0
553,25,890,Hf0.5Nb0.667Ta0.333TiZr0.833,0,0,0,0,0,0,0,0.11754324,0.352982704,0,0.294034592,0.235439463,0,0,0,0,0
554,25,1100,Hf0.5Nb0.667Ta0.333TiZr0.833,0,0,0,0,0,0,0,0.11754324,0.352982704,0,0.294034592,0.235439463,0,0,0,0,0
555,72,1040,Hf0.5Nb0.667Ta0.333TiZr0.833,0,0,0,0,0,0,0,0.11754324,0.352982704,0,0.294034592,0.235439463,0,0,0,0,0
556,72,1020,Hf0.5Nb0.667Ta0.333TiZr0.833,0,0,0,0,0,0,0,0.11754324,0.352982704,0,0.294034592,0.235439463,0,0,0,0,0
557,72,640,Hf0.5Nb0.667Ta0.333TiZr0.833,0,0,0,0,0,0,0,0.11754324,0.352982704,0,0.294034592,0.235439463,0,0,0,0,0
558,2095.34,0,Hf0.5Nb0.667Ta0.333TiZr0.833,0,0,0,0,0,0,0,0.11754324,0.352982704,0,0.294034592,0.235439463,0,0,0,0,0
559,25,1787,HfMo0.5NbSi0.5TiV0.5,0,0,0,0,0,0,0,0,0.333333333,0.166666667,0,0.333333333,0.166666667,0,0,0,0
560,1000,614,HfMo0.5NbSi0.5TiV0.5,0,0,0,0,0,0,0,0,0.333333333,0.166666667,0,0.333333333,0.166666667,0,0,0,0
561,1200,188,HfMo0.5NbSi0.5TiV0.5,0,0,0,0,0,0,0,0,0.333333333,0.166666667,0,0.333333333,0.166666667,0,0,0,0
562,2078,0,HfMo0.5NbSi0.5TiV0.5,0,0,0,0,0,0,0,0,0.333333333,0.166666667,0,0.333333333,0.166666667,0,0,0,0
563,25,2134,HfMo0.5NbSi0.7TiV0.5,0,0,0,0,0,0,0,0,0.333333333,0.166666667,0,0.333333333,0.166666667,0,0,0,0
564,1000,673,HfMo0.5NbSi0.7TiV0.5,0,0,0,0,0,0,0,0,0.333333333,0.166666667,0,0.333333333,0.166666667,0,0,0,0
565,1200,235,HfMo0.5NbSi0.7TiV0.5,0,0,0,0,0,0,0,0,0.333333333,0.166666667,0,0.333333333,0.166666667,0,0,0,0
566,2050,0,HfMo0.5NbSi0.7TiV0.5,0,0,0,0,0,0,0,0,0.333333333,0.166666667,0,0.333333333,0.166666667,0,0,0,0
567,25,1260,HfMo0.5NbTiV0.5,0,0,0,0,0,0,0,0,0.333333333,0.166666667,0,0.333333333,0.166666667,0,0,0,0
568,1000,368,HfMo0.5NbTiV0.5,0,0,0,0,0,0,0,0,0.333333333,0.166666667,0,0.333333333,0.166666667,0,0,0,0
569,1200,60,HfMo0.5NbTiV0.5,0,0,0,0,0,0,0,0,0.333333333,0.166666667,0,0.333333333,0.166666667,0,0,0,0
570,2161,0,HfMo0.5NbTiV0.5,0,0,0,0,0,0,0,0,0.333333333,0.166666667,0,0.333333333,0.166666667,0,0,0,0
571,25,1260,HfMo0.5NbTiV0.5,0,0,0,0,0,0,0,0,0.333333333,0.166666667,0,0.333333333,0.166666667,0,0,0,0
572,1000,368,HfMo0.5NbTiV0.5,0,0,0,0,0,0,0,0,0.333333333,0.166666667,0,0.333333333,0.166666667,0,0,0,0
573,1200,60,HfMo0.5NbTiV0.5,0,0,0,0,0,0,0,0,0.333333333,0.166666667,0,0.333333333,0.166666667,0,0,0,0
574,2161.13,0,HfMo0.5NbTiV0.5,0,0,0,0,0,0,0,0,0.333333333,0.166666667,0,0.333333333,0.166666667,0,0,0,0
575,25,1637,HfMoNbTaTiWZr,0,0,0,0,0,0,0,0.166666667,0.166666667,0,0.166666667,0.166666667,0.166666667,0,0.166666667,0,0
576,800,1065,HfMoNbTaTiWZr,0,0,0,0,0,0,0,0.166666667,0.166666667,0,0.166666667,0.166666667,0.166666667,0,0.166666667,0,0
577,1000,736,HfMoNbTaTiWZr,0,0,0,0,0,0,0,0.166666667,0.166666667,0,0.166666667,0.166666667,0.166666667,0,0.166666667,0,0
578,1200,703,HfMoNbTaTiWZr,0,0,0,0,0,0,0,0.166666667,0.166666667,0,0.166666667,0.166666667,0.166666667,0,0.166666667,0,0
579,2470.71,0,HfMoNbTaTiWZr,0,0,0,0,0,0,0,0.166666667,0.166666667,0,0.166666667,0.166666667,0.166666667,0,0.166666667,0,0
580,25,1512,HfMoNbTaTiZr,0,0,0,0,0,0,0,0.2,0.2,0,0.2,0.2,0.2,0,0,0,0
581,800,1007,HfMoNbTaTiZr,0,0,0,0,0,0,0,0.2,0.2,0,0.2,0.2,0.2,0,0,0,0
582,1000,814,HfMoNbTaTiZr,0,0,0,0,0,0,0,0.2,0.2,0,0.2,0.2,0.2,0,0,0,0
583,1200,556,HfMoNbTaTiZr,0,0,0,0,0,0,0,0.2,0.2,0,0.2,0.2,0.2,0,0,0,0
584,2312,0,HfMoNbTaTiZr,0,0,0,0,0,0,0,0.2,0.2,0,0.2,0.2,0.2,0,0,0,0
585,25,1369,HfMoNbTaTi,0,0,0,0,0,0,0,0.25,0.25,0,0,0.25,0.25,0,0,0,0
586,800,822,HfMoNbTaTi,0,0,0,0,0,0,0,0.25,0.25,0,0,0.25,0.25,0,0,0,0
587,1000,778,HfMoNbTaTi,0,0,0,0,0,0,0,0.25,0.25,0,0,0.25,0.25,0,0,0,0
588,1200,699,HfMoNbTaTi,0,0,0,0,0,0,0,0.25,0.25,0,0,0.25,0.25,0,0,0,0
589,1400,367,HfMoNbTaTi,0,0,0,0,0,0,0,0.25,0.25,0,0,0.25,0.25,0,0,0,0
590,2403.6,0,HfMoNbTaTi,0,0,0,0,0,0,0,0.25,0.25,0,0,0.25,0.25,0,0,0,0
591,25,1524,HfMoNbTaZr,0,0,0,0,0,0,0,0.25,0,0,0.25,0.25,0.25,0,0,0,0
592,800,1005,HfMoNbTaZr,0,0,0,0,0,0,0,0.25,0,0,0.25,0.25,0.25,0,0,0,0
593,1000,927,HfMoNbTaZr,0,0,0,0,0,0,0,0.25,0,0,0.25,0.25,0.25,0,0,0,0
594,1200,694,HfMoNbTaZr,0,0,0,0,0,0,0,0.25,0,0,0.25,0.25,0.25,0,0,0,0
595,1400,278,HfMoNbTaZr,0,0,0,0,0,0,0,0.25,0,0,0.25,0.25,0.25,0,0,0,0
596,2441,0,HfMoNbTaZr,0,0,0,0,0,0,0,0.25,0,0,0.25,0.25,0.25,0,0,0,0
597,25,1719,HfMoNbTiZr,0,0,0,0,0,0,0,0,0.25,0,0.25,0.25,0.25,0,0,0,0
598,25,1575,HfMoNbTiZr,0,0,0,0,0,0,0,0,0.25,0,0.25,0.25,0.25,0,0,0,0
599,800,825,HfMoNbTiZr,0,0,0,0,0,0,0,0,0.25,0,0.25,0.25,0.25,0,0,0,0
600,900,728,HfMoNbTiZr,0,0,0,0,0,0,0,0,0.25,0,0.25,0.25,0.25,0,0,0,0
601,1000,635,HfMoNbTiZr,0,0,0,0,0,0,0,0,0.25,0,0.25,0.25,0.25,0,0,0,0
602,1100,397,HfMoNbTiZr,0,0,0,0,0,0,0,0,0.25,0,0.25,0.25,0.25,0,0,0,0
603,1200,187,HfMoNbTiZr,0,0,0,0,0,0,0,0,0.25,0,0.25,0.25,0.25,0,0,0,0
604,2297,0,HfMoNbTiZr,0,0,0,0,0,0,0,0,0.25,0,0.25,0.25,0.25,0,0,0,0
605,25,1719,HfMoNbTiZr,0,0,0,0,0,0,0,0,0.25,0,0.25,0.25,0.25,0,0,0,0
606,25,1575,HfMoNbTiZr,0,0,0,0,0,0,0,0,0.25,0,0.25,0.25,0.25,0,0,0,0
607,800,829,HfMoNbTiZr,0,0,0,0,0,0,0,0,0.25,0,0.25,0.25,0.25,0,0,0,0
608,800,825,HfMoNbTiZr,0,0,0,0,0,0,0,0,0.25,0,0.25,0.25,0.25,0,0,0,0
609,900,728,HfMoNbTiZr,0,0,0,0,0,0,0,0,0.25,0,0.25,0.25,0.25,0,0,0,0
610,1000,721,HfMoNbTiZr,0,0,0,0,0,0,0,0,0.25,0,0.25,0.25,0.25,0,0,0,0
611,1000,635,HfMoNbTiZr,0,0,0,0,0,0,0,0,0.25,0,0.25,0.25,0.25,0,0,0,0
612,1100,397,HfMoNbTiZr,0,0,0,0,0,0,0,0,0.25,0,0.25,0.25,0.25,0,0,0,0
613,1200,301,HfMoNbTiZr,0,0,0,0,0,0,0,0,0.25,0,0.25,0.25,0.25,0,0,0,0
614,1200,187,HfMoNbTiZr,0,0,0,0,0,0,0,0,0.25,0,0.25,0.25,0.25,0,0,0,0
615,2297,0,HfMoNbTiZr,0,0,0,0,0,0,0,0,0.25,0,0.25,0.25,0.25,0,0,0,0
616,25,1600,HfMoTaTiZr,0,0,0,0,0,0,0,0.25,0.25,0,0.25,0,0.25,0,0,0,0
617,800,1045,HfMoTaTiZr,0,0,0,0,0,0,0,0.25,0.25,0,0.25,0,0.25,0,0,0,0
618,1000,855,HfMoTaTiZr,0,0,0,0,0,0,0,0.25,0.25,0,0.25,0,0.25,0,0,0,0
619,1200,404,HfMoTaTiZr,0,0,0,0,0,0,0,0.25,0.25,0,0.25,0,0.25,0,0,0,0
620,2279.2,0,HfMoTaTiZr,0,0,0,0,0,0,0,0.25,0.25,0,0.25,0,0.25,0,0,0,0
621,25,1550,HfNbTaTiWZr,0,0,0,0,0,0,0,0.2,0.2,0,0.2,0.2,0,0,0.2,0,0
622,800,577,HfNbTaTiWZr,0,0,0,0,0,0,0,0.2,0.2,0,0.2,0.2,0,0,0.2,0,0
623,1000,409,HfNbTaTiWZr,0,0,0,0,0,0,0,0.2,0.2,0,0.2,0.2,0,0,0.2,0,0
624,1200,345,HfNbTaTiWZr,0,0,0,0,0,0,0,0.2,0.2,0,0.2,0.2,0,0,0.2,0,0
625,2445.33,0,HfNbTaTiWZr,0,0,0,0,0,0,0,0.2,0.2,0,0.2,0.2,0,0,0.2,0,0
626,25,1073,HfNbTaTiZr,0,0,0,0,0,0,0,0.25,0.25,0,0.25,0.25,0,0,0,0,0
627,25,1015,HfNbTaTiZr,0,0,0,0,0,0,0,0.25,0.25,0,0.25,0.25,0,0,0,0,0
628,25,1520,HfNbTaTiZr,0,0,0,0,0,0,0,0.25,0.25,0,0.25,0.25,0,0,0,0,0
629,25,795,HfNbTaTiZr,0,0,0,0,0,0,0,0.25,0.25,0,0.25,0.25,0,0,0,0,0
630,25,1900,HfNbTaTiZr,0,0,0,0,0,0,0,0.25,0.25,0,0.25,0.25,0,0,0,0,0
631,25,830,HfNbTaTiZr,0,0,0,0,0,0,0,0.25,0.25,0,0.25,0.25,0,0,0,0,0
632,25,1303,HfNbTaTiZr,0,0,0,0,0,0,0,0.25,0.25,0,0.25,0.25,0,0,0,0,0
633,25,1202,HfNbTaTiZr,0,0,0,0,0,0,0,0.25,0.25,0,0.25,0.25,0,0,0,0,0
634,25,1145,HfNbTaTiZr,0,0,0,0,0,0,0,0.25,0.25,0,0.25,0.25,0,0,0,0,0
635,25,958,HfNbTaTiZr,0,0,0,0,0,0,0,0.25,0.25,0,0.25,0.25,0,0,0,0,0
636,25,944,HfNbTaTiZr,0,0,0,0,0,0,0,0.25,0.25,0,0.25,0.25,0,0,0,0,0
637,25,940,HfNbTaTiZr,0,0,0,0,0,0,0,0.25,0.25,0,0.25,0.25,0,0,0,0,0
638,25,940,HfNbTaTiZr,0,0,0,0,0,0,0,0.25,0.25,0,0.25,0.25,0,0,0,0,0
639,25,929,HfNbTaTiZr,0,0,0,0,0,0,0,0.25,0.25,0,0.25,0.25,0,0,0,0,0
640,25,905,HfNbTaTiZr,0,0,0,0,0,0,0,0.25,0.25,0,0.25,0.25,0,0,0,0,0
641,25,890,HfNbTaTiZr,0,0,0,0,0,0,0,0.25,0.25,0,0.25,0.25,0,0,0,0,0
642,25,828,HfNbTaTiZr,0,0,0,0,0,0,0,0.25,0.25,0,0.25,0.25,0,0,0,0,0
643,25,827,HfNbTaTiZr,0,0,0,0,0,0,0,0.25,0.25,0,0.25,0.25,0,0,0,0,0
644,25,820,HfNbTaTiZr,0,0,0,0,0,0,0,0.25,0.25,0,0.25,0.25,0,0,0,0,0
645,25,803,HfNbTaTiZr,0,0,0,0,0,0,0,0.25,0.25,0,0.25,0.25,0,0,0,0,0
646,400,790,HfNbTaTiZr,0,0,0,0,0,0,0,0.25,0.25,0,0.25,0.25,0,0,0,0,0
647,600,675,HfNbTaTiZr,0,0,0,0,0,0,0,0.25,0.25,0,0.25,0.25,0,0,0,0,0
648,800,535,HfNbTaTiZr,0,0,0,0,0,0,0,0.25,0.25,0,0.25,0.25,0,0,0,0,0
649,800,475,HfNbTaTiZr,0,0,0,0,0,0,0,0.25,0.25,0,0.25,0.25,0,0,0,0,0
650,800,285,HfNbTaTiZr,0,0,0,0,0,0,0,0.25,0.25,0,0.25,0.25,0,0,0,0,0
651,1000,295,HfNbTaTiZr,0,0,0,0,0,0,0,0.25,0.25,0,0.25,0.25,0,0,0,0,0
652,1200,92,HfNbTaTiZr,0,0,0,0,0,0,0,0.25,0.25,0,0.25,0.25,0,0,0,0,0
653,2250,0,HfNbTaTiZr,0,0,0,0,0,0,0,0.25,0.25,0,0.25,0.25,0,0,0,0,0
654,25,1073,HfNbTaTiZr,0,0,0,0,0,0,0,0.25,0.25,0,0.25,0.25,0,0,0,0,0
655,25,1015,HfNbTaTiZr,0,0,0,0,0,0,0,0.25,0.25,0,0.25,0.25,0,0,0,0,0
656,400,790,HfNbTaTiZr,0,0,0,0,0,0,0,0.25,0.25,0,0.25,0.25,0,0,0,0,0
657,600,675,HfNbTaTiZr,0,0,0,0,0,0,0,0.25,0.25,0,0.25,0.25,0,0,0,0,0
658,800,535,HfNbTaTiZr,0,0,0,0,0,0,0,0.25,0.25,0,0.25,0.25,0,0,0,0,0
659,800,475,HfNbTaTiZr,0,0,0,0,0,0,0,0.25,0.25,0,0.25,0.25,0,0,0,0,0
660,1000,295,HfNbTaTiZr,0,0,0,0,0,0,0,0.25,0.25,0,0.25,0.25,0,0,0,0,0
661,1200,92,HfNbTaTiZr,0,0,0,0,0,0,0,0.25,0.25,0,0.25,0.25,0,0,0,0,0
662,2250,0,HfNbTaTiZr,0,0,0,0,0,0,0,0.25,0.25,0,0.25,0.25,0,0,0,0,0
663,20,834,HfNbTaTi,0,0,0,0,0,0,0,0.333333333,0.333333333,0,0,0.333333333,0,0,0,0,0
664,20,860,HfNbTaTi,0,0,0,0,0,0,0,0.333333333,0.333333333,0,0,0.333333333,0,0,0,0,0
665,200,610,HfNbTaTi,0,0,0,0,0,0,0,0.333333333,0.333333333,0,0,0.333333333,0,0,0,0,0
666,600,473,HfNbTaTi,0,0,0,0,0,0,0,0.333333333,0.333333333,0,0,0.333333333,0,0,0,0,0
667,2348.75,0,HfNbTaTi,0,0,0,0,0,0,0,0.333333333,0.333333333,0,0,0.333333333,0,0,0,0,0
668,25,1000,HfNbTiZr,0,0,0,0,0,0,0,0,0.333333333,0,0.333333333,0.333333333,0,0,0,0,0
669,800,303,HfNbTiZr,0,0,0,0,0,0,0,0,0.333333333,0,0.333333333,0.333333333,0,0,0,0,0
670,1000,154,HfNbTiZr,0,0,0,0,0,0,0,0,0.333333333,0,0.333333333,0.333333333,0,0,0,0,0
671,2058.25,0,HfNbTiZr,0,0,0,0,0,0,0,0,0.333333333,0,0.333333333,0.333333333,0,0,0,0,0
672,25,2483,MoNbSi0.75TaW,0,0,0,0,0,0,0,0.25,0,0,0,0.25,0.25,0,0.25,0,0
673,1200,960,MoNbSi0.75TaW,0,0,0,0,0,0,0,0.25,0,0,0,0.25,0.25,0,0.25,0,0
674,2652.53,0,MoNbSi0.75TaW,0,0,0,0,0,0,0,0.25,0,0,0,0.25,0.25,0,0.25,0,0
675,25,1455,MoNbTaTiW,0,0,0,0,0,0,0,0.2,0.2,0,0,0.2,0.2,0,0.2,0,0
676,25,1343,MoNbTaTiW,0,0,0,0,0,0,0,0.2,0.2,0,0,0.2,0.2,0,0.2,0,0
677,600,689,MoNbTaTiW,0,0,0,0,0,0,0,0.2,0.2,0,0,0.2,0.2,0,0.2,0,0
678,800,674,MoNbTaTiW,0,0,0,0,0,0,0,0.2,0.2,0,0,0.2,0.2,0,0.2,0,0
679,1000,620,MoNbTaTiW,0,0,0,0,0,0,0,0.2,0.2,0,0,0.2,0.2,0,0.2,0,0
680,1200,586,MoNbTaTiW,0,0,0,0,0,0,0,0.2,0.2,0,0,0.2,0.2,0,0.2,0,0
681,2641,0,MoNbTaTiW,0,0,0,0,0,0,0,0.2,0.2,0,0,0.2,0.2,0,0.2,0,0
682,20,1210,MoNbTaTi,0,0,0,0,0,0,0,0.25,0.25,0,0,0.25,0.25,0,0,0,0
683,60,1071,MoNbTaTi,0,0,0,0,0,0,0,0.25,0.25,0,0,0.25,0.25,0,0,0,0
684,100,1029,MoNbTaTi,0,0,0,0,0,0,0,0.25,0.25,0,0,0.25,0.25,0,0,0,0
685,200,868,MoNbTaTi,0,0,0,0,0,0,0,0.25,0.25,0,0,0.25,0.25,0,0,0,0
686,300,732,MoNbTaTi,0,0,0,0,0,0,0,0.25,0.25,0,0,0.25,0.25,0,0,0,0
687,400,685,MoNbTaTi,0,0,0,0,0,0,0,0.25,0.25,0,0,0.25,0.25,0,0,0,0
688,600,593,MoNbTaTi,0,0,0,0,0,0,0,0.25,0.25,0,0,0.25,0.25,0,0,0,0
689,800,564,MoNbTaTi,0,0,0,0,0,0,0,0.25,0.25,0,0,0.25,0.25,0,0,0,0
690,1000,539,MoNbTaTi,0,0,0,0,0,0,0,0.25,0.25,0,0,0.25,0.25,0,0,0,0
691,2403.6,0,MoNbTaTi,0,0,0,0,0,0,0,0.25,0.25,0,0,0.25,0.25,0,0,0,0
692,25,1246,MoNbTaVW,0,0,0,0,0,0,0,0.2,0,0.2,0,0.2,0.2,0,0.2,0,0
693,600,862,MoNbTaVW,0,0,0,0,0,0,0,0.2,0,0.2,0,0.2,0.2,0,0.2,0,0
694,800,846,MoNbTaVW,0,0,0,0,0,0,0,0.2,0,0.2,0,0.2,0.2,0,0.2,0,0
695,1000,842,MoNbTaVW,0,0,0,0,0,0,0,0.2,0,0.2,0,0.2,0.2,0,0.2,0,0
696,1200,735,MoNbTaVW,0,0,0,0,0,0,0,0.2,0,0.2,0,0.2,0.2,0,0.2,0,0
697,1400,656,MoNbTaVW,0,0,0,0,0,0,0,0.2,0,0.2,0,0.2,0.2,0,0.2,0,0
698,1600,477,MoNbTaVW,0,0,0,0,0,0,0,0.2,0,0.2,0,0.2,0.2,0,0.2,0,0
699,2690,0,MoNbTaVW,0,0,0,0,0,0,0,0.2,0,0.2,0,0.2,0.2,0,0.2,0,0
700,25,996,MoNbTaW,0,0,0,0,0,0,0,0.25,0,0,0,0.25,0.25,0,0.25,0,0
701,25,1058,MoNbTaW,0,0,0,0,0,0,0,0.25,0,0,0,0.25,0.25,0,0.25,0,0
702,25,1217,MoNbTaW,0,0,0,0,0,0,0,0.25,0,0,0,0.25,0.25,0,0.25,0,0
703,600,561,MoNbTaW,0,0,0,0,0,0,0,0.25,0,0,0,0.25,0.25,0,0.25,0,0
704,800,552,MoNbTaW,0,0,0,0,0,0,0,0.25,0,0,0,0.25,0.25,0,0.25,0,0
705,1000,548,MoNbTaW,0,0,0,0,0,0,0,0.25,0,0,0,0.25,0.25,0,0.25,0,0
706,1200,506,MoNbTaW,0,0,0,0,0,0,0,0.25,0,0,0,0.25,0.25,0,0.25,0,0
707,1400,421,MoNbTaW,0,0,0,0,0,0,0,0.25,0,0,0,0.25,0.25,0,0.25,0,0
708,1600,405,MoNbTaW,0,0,0,0,0,0,0,0.25,0,0,0,0.25,0.25,0,0.25,0,0
709,2885,0,MoNbTaW,0,0,0,0,0,0,0,0.25,0,0,0,0.25,0.25,0,0.25,0,0
710,25,996,MoNbTaW,0,0,0,0,0,0,0,0.25,0,0,0,0.25,0.25,0,0.25,0,0
711,25,1058,MoNbTaW,0,0,0,0,0,0,0,0.25,0,0,0,0.25,0.25,0,0.25,0,0
712,600,561,MoNbTaW,0,0,0,0,0,0,0,0.25,0,0,0,0.25,0.25,0,0.25,0,0
713,800,552,MoNbTaW,0,0,0,0,0,0,0,0.25,0,0,0,0.25,0.25,0,0.25,0,0
714,1000,548,MoNbTaW,0,0,0,0,0,0,0,0.25,0,0,0,0.25,0.25,0,0.25,0,0
715,1200,506,MoNbTaW,0,0,0,0,0,0,0,0.25,0,0,0,0.25,0.25,0,0.25,0,0
716,1400,421,MoNbTaW,0,0,0,0,0,0,0,0.25,0,0,0,0.25,0.25,0,0.25,0,0
717,1600,405,MoNbTaW,0,0,0,0,0,0,0,0.25,0,0,0,0.25,0.25,0,0.25,0,0
718,2885,0,MoNbTaW,0,0,0,0,0,0,0,0.25,0,0,0,0.25,0.25,0,0.25,0,0
719,23,1706,MoNbTiVZr,0,0,0,0,0,0,0,0,0.2,0.2,0.2,0.2,0.2,0,0,0,0
720,1000,467,MoNbTiVZr,0,0,0,0,0,0,0,0,0.2,0.2,0.2,0.2,0.2,0,0,0,0
721,1200,116,MoNbTiVZr,0,0,0,0,0,0,0,0,0.2,0.2,0.2,0.2,0.2,0,0,0,0
722,2106.6,0,MoNbTiVZr,0,0,0,0,0,0,0,0,0.2,0.2,0.2,0.2,0.2,0,0,0,0
723,23,1100,MoNbTi,0,0,0,0,0,0,0,0,0.333333333,0,0,0.333333333,0.333333333,0,0,0,0
724,1000,504,MoNbTi,0,0,0,0,0,0,0,0,0.333333333,0,0,0.333333333,0.333333333,0,0,0,0
725,1200,324,MoNbTi,0,0,0,0,0,0,0,0,0.333333333,0,0,0.333333333,0.333333333,0,0,0,0
726,2256,0,MoNbTi,0,0,0,0,0,0,0,0,0.333333333,0,0,0.333333333,0.333333333,0,0,0,0
727,25,918,Nb0.5Ti0.5VZr0.5,0,0,0,0,0,0,0,0,0.2,0.4,0.2,0.2,0,0,0,0,0
728,600,571,Nb0.5Ti0.5VZr0.5,0,0,0,0,0,0,0,0,0.2,0.4,0.2,0.2,0,0,0,0,0
729,800,240,Nb0.5Ti0.5VZr0.5,0,0,0,0,0,0,0,0,0.2,0.4,0.2,0.2,0,0,0,0,0
730,1000,72,Nb0.5Ti0.5VZr0.5,0,0,0,0,0,0,0,0,0.2,0.4,0.2,0.2,0,0,0,0,0
731,1964,0,Nb0.5Ti0.5VZr0.5,0,0,0,0,0,0,0,0,0.2,0.4,0.2,0.2,0,0,0,0,0
732,23,1244,NbRe0.3TiZr,0,0,0,0,0,0,0,0,0.333333333,0,0.333333333,0.333333333,0,0,0,0,0
733,1000,323,NbRe0.3TiZr,0,0,0,0,0,0,0,0,0.333333333,0,0.333333333,0.333333333,0,0,0,0,0
734,1200,89,NbRe0.3TiZr,0,0,0,0,0,0,0,0,0.333333333,0,0.333333333,0.333333333,0,0,0,0,0
735,2107.73,0,NbRe0.3TiZr,0,0,0,0,0,0,0,0,0.333333333,0,0.333333333,0.333333333,0,0,0,0,0
736,23,882,NbTa0.3TiZr,0,0,0,0,0,0,0,0.090909091,0.303030303,0,0.303030303,0.303030303,0,0,0,0,0
737,1000,274,NbTa0.3TiZr,0,0,0,0,0,0,0,0.090909091,0.303030303,0,0.303030303,0.303030303,0,0,0,0,0
738,1200,102,NbTa0.3TiZr,0,0,0,0,0,0,0,0.090909091,0.303030303,0,0.303030303,0.303030303,0,0,0,0,0
739,2092.45,0,NbTa0.3TiZr,0,0,0,0,0,0,0,0.090909091,0.303030303,0,0.303030303,0.303030303,0,0,0,0,0
740,-187,2112,NbTaTiVZr,0,0,0,0,0,0,0,0.2,0.2,0.2,0.2,0.2,0,0,0,0,0
741,23,1395,NbTaTiVZr,0,0,0,0,0,0,0,0.2,0.2,0.2,0.2,0.2,0,0,0,0,0
742,25,1513,NbTaTiVZr,0,0,0,0,0,0,0,0.2,0.2,0.2,0.2,0.2,0,0,0,0,0
743,1000,190,NbTaTiVZr,0,0,0,0,0,0,0,0.2,0.2,0.2,0.2,0.2,0,0,0,0,0
744,1200,78,NbTaTiVZr,0,0,0,0,0,0,0,0.2,0.2,0.2,0.2,0.2,0,0,0,0,0
745,2185.4,0,NbTaTiVZr,0,0,0,0,0,0,0,0.2,0.2,0.2,0.2,0.2,0,0,0,0,0
746,20,1054,NbTaTiW,0,0,0,0,0,0,0,0.25,0.25,0,0,0.25,0,0,0.25,0,0
747,100,968,NbTaTiW,0,0,0,0,0,0,0,0.25,0.25,0,0,0.25,0,0,0.25,0,0
748,200,869,NbTaTiW,0,0,0,0,0,0,0,0.25,0.25,0,0,0.25,0,0,0.25,0,0
749,300,754,NbTaTiW,0,0,0,0,0,0,0,0.25,0.25,0,0,0.25,0,0,0.25,0,0
750,400,627,NbTaTiW,0,0,0,0,0,0,0,0.25,0.25,0,0,0.25,0,0,0.25,0,0
751,600,596,NbTaTiW,0,0,0,0,0,0,0,0.25,0.25,0,0,0.25,0,0,0.25,0,0
752,800,564,NbTaTiW,0,0,0,0,0,0,0,0.25,0.25,0,0,0.25,0,0,0.25,0,0
753,1000,459,NbTaTiW,0,0,0,0,0,0,0,0.25,0.25,0,0,0.25,0,0,0.25,0,0
754,2646,0,NbTaTiW,0,0,0,0,0,0,0,0.25,0.25,0,0,0.25,0,0,0.25,0,0
755,20,573,NbTaTi,0,0,0,0,0,0,0,0.333333333,0.333333333,0,0,0.333333333,0,0,0,0,0
756,100,486,NbTaTi,0,0,0,0,0,0,0,0.333333333,0.333333333,0,0,0.333333333,0,0,0,0,0
757,200,378,NbTaTi,0,0,0,0,0,0,0,0.333333333,0.333333333,0,0,0.333333333,0,0,0,0,0
758,300,314,NbTaTi,0,0,0,0,0,0,0,0.333333333,0.333333333,0,0,0.333333333,0,0,0,0,0
759,400,232,NbTaTi,0,0,0,0,0,0,0,0.333333333,0.333333333,0,0,0.333333333,0,0,0,0,0
760,600,222,NbTaTi,0,0,0,0,0,0,0,0.333333333,0.333333333,0,0,0.333333333,0,0,0,0,0
761,800,210,NbTaTi,0,0,0,0,0,0,0,0.333333333,0.333333333,0,0,0.333333333,0,0,0,0,0
762,1000,160,NbTaTi,0,0,0,0,0,0,0,0.333333333,0.333333333,0,0,0.333333333,0,0,0,0,0
763,2387.33,0,NbTaTi,0,0,0,0,0,0,0,0.333333333,0.333333333,0,0,0.333333333,0,0,0,0,0
764,23,975,NbTiZr,0,0,0,0,0,0,0,0,0.333333333,0,0.333333333,0.333333333,0,0,0,0,0
765,800,462,NbTiZr,0,0,0,0,0,0,0,0,0.333333333,0,0.333333333,0.333333333,0,0,0,0,0
766,1000,141,NbTiZr,0,0,0,0,0,0,0,0,0.333333333,0,0.333333333,0.333333333,0,0,0,0,0
767,1000,218,NbTiZr,0,0,0,0,0,0,0,0,0.333333333,0,0.333333333,0.333333333,0,0,0,0,0
768,1200,61,NbTiZr,0,0,0,0,0,0,0,0,0.333333333,0,0.333333333,0.333333333,0,0,0,0,0
769,2000,0,NbTiZr,0,0,0,0,0,0,0,0,0.333333333,0,0.333333333,0.333333333,0,0,0,0,0
