ID,Temp,Yield,Comp
0,25,1745,Al0.25NbTaTiZr
1,1000,366,Al0.25NbTaTiZr
2,2161,0,Al0.25NbTaTiZr
3,25,1835,Al0.2NbTaTiV
4,900,783,Al0.2NbTaTiV
5,1000,350,Al0.2NbTaTiV
6,1100,270,Al0.2NbTaTiV
7,1200,142,Al0.2NbTaTiV
8,2197.85,0,Al0.2NbTaTiV
9,25,1965,Al0.3NbTa0.8Ti1.4V0.2Zr1.3
10,800,678,Al0.3NbTa0.8Ti1.4V0.2Zr1.3
11,1000,166,Al0.3NbTa0.8Ti1.4V0.2Zr1.3
12,2043,0,Al0.3NbTa0.8Ti1.4V0.2Zr1.3
13,25,1965,Al0.3NbTaTi1.4Zr1.3
14,800,362,Al0.3NbTaTi1.4Zr1.3
15,1000,236,Al0.3NbTaTi1.4Zr1.3
16,2088,0,Al0.3NbTaTi1.4Zr1.3
17,23,1841,Al0.4Hf0.6NbTaTiZr
18,800,796,Al0.4Hf0.6NbTaTiZr
19,1000,298,Al0.4Hf0.6NbTaTiZr
20,1200,89,Al0.4Hf0.6NbTaTiZr
21,2124,0,Al0.4Hf0.6NbTaTiZr
22,25,1340,Al0.5CrNbTi2V0.5
23,600,930,Al0.5CrNbTi2V0.5
24,800,445,Al0.5CrNbTi2V0.5
25,1000,90,Al0.5CrNbTi2V0.5
26,1801,0,Al0.5CrNbTi2V0.5
27,25,2350,Al0.5Mo0.5NbTa0.5TiZr
28,1000,579,Al0.5Mo0.5NbTa0.5TiZr
29,2033,0,Al0.5Mo0.5NbTa0.5TiZr
30,25,2035,Al0.5NbTa0.8Ti1.5V0.2Zr
31,800,796,Al0.5NbTa0.8Ti1.5V0.2Zr
32,1000,220,Al0.5NbTa0.8Ti1.5V0.2Zr
33,1992,0,Al0.5NbTa0.8Ti1.5V0.2Zr
34,-196,964,Al0.6CoCrFeNi
35,25,786,Al0.6CoCrFeNi
36,900,120,Al0.6CoCrFeNi
37,1000,90,Al0.6CoCrFeNi
38,1100,50,Al0.6CoCrFeNi
39,1200,30,Al0.6CoCrFeNi
40,1476.35,0,Al0.6CoCrFeNi
41,25,900,Al10Mo10Nb20Ti40V20
42,800,520,Al10Mo10Nb20Ti40V20
43,1000,155,Al10Mo10Nb20Ti40V20
44,1872.93,0,Al10Mo10Nb20Ti40V20
45,22,1750,Al15Cr20Nb15Ti40Zr10
46,600,1290,Al15Cr20Nb15Ti40Zr10
47,700,625,Al15Cr20Nb15Ti40Zr10
48,800,300,Al15Cr20Nb15Ti40Zr10
49,1000,60,Al15Cr20Nb15Ti40Zr10
50,1704.7,0,Al15Cr20Nb15Ti40Zr10
51,25,971,Al15Mo10Nb20Ti35V20
52,800,550,Al15Mo10Nb20Ti35V20
53,1000,160,Al15Mo10Nb20Ti35V20
54,1822.55,0,Al15Mo10Nb20Ti35V20
55,25,1187,Al20Mo10Nb20Ti30V20
56,800,624,Al20Mo10Nb20Ti30V20
57,1000,180,Al20Mo10Nb20Ti30V20
58,1772.16,0,Al20Mo10Nb20Ti30V20
59,700,1105,Al23Cr20Nb15Ti32Zr10
60,800,560,Al23Cr20Nb15Ti32Zr10
61,1000,130,Al23Cr20Nb15Ti32Zr10
62,1624.08,0,Al23Cr20Nb15Ti32Zr10
63,800,810,Al28Cr20Nb15Ti27Zr10
64,1000,155,Al28Cr20Nb15Ti27Zr10
65,1573.7,0,Al28Cr20Nb15Ti27Zr10
66,25,1300,AlCr0.5NbTiV
67,600,1005,AlCr0.5NbTiV
68,800,640,AlCr0.5NbTiV
69,1000,40,AlCr0.5NbTiV
70,1704,0,AlCr0.5NbTiV
71,25,1700,AlCr1.5NbTiV
72,600,1370,AlCr1.5NbTiV
73,800,970,AlCr1.5NbTiV
74,1000,75,AlCr1.5NbTiV
75,1741,0,AlCr1.5NbTiV
76,25,1010,AlCrMoNbTi
77,400,1080,AlCrMoNbTi
78,600,1060,AlCrMoNbTi
79,800,860,AlCrMoNbTi
80,1000,594,AlCrMoNbTi
81,1200,105,AlCrMoNbTi
82,1867,0,AlCrMoNbTi
83,600,930,AlCrMoNbTiB
84,800,875,AlCrMoNbTiB
85,1000,550,AlCrMoNbTiB
86,1200,150,AlCrMoNbTiB
87,1867,0,AlCrMoNbTiB
88,600,930,AlCrMoNbTi
89,1867.1,0,AlCrMoNbTi
90,400,1070,AlCrMoTi
91,600,1020,AlCrMoTi
92,800,875,AlCrMoTi
93,1000,375,AlCrMoTi
94,1200,100,AlCrMoTi
95,1715,0,AlCrMoTi
96,25,1550,AlCrNbTiV
97,600,1015,AlCrNbTiV
98,800,860,AlCrNbTiV
99,1000,65,AlCrNbTiV
100,1725,0,AlCrNbTiV
101,25,2197,AlMo0.5NbTa0.5TiZr
102,25,2000,AlMo0.5NbTa0.5TiZr
103,600,1870,AlMo0.5NbTa0.5TiZr
104,800,1597,AlMo0.5NbTa0.5TiZr
105,1000,745,AlMo0.5NbTa0.5TiZr
106,1200,250,AlMo0.5NbTa0.5TiZr
107,1896,0,AlMo0.5NbTa0.5TiZr
108,25,1320,AlMo0.5NbTa0.5TiZr0.5
109,1000,935,AlMo0.5NbTa0.5TiZr0.5
110,1901,0,AlMo0.5NbTa0.5TiZr0.5
111,600,520,AlMoNbTi
112,800,500,AlMoNbTi
113,1000,540,AlMoNbTi
114,1200,200,AlMoNbTi
115,1857,0,AlMoNbTi
116,23,1100,AlMoNbTi
117,1857.1,0,AlMoNbTi
118,25,1280,AlNb1.5Ta0.5Ti1.5Zr0.5
119,800,728,AlNb1.5Ta0.5Ti1.5Zr0.5
120,1000,403,AlNb1.5Ta0.5Ti1.5Zr0.5
121,1863,0,AlNb1.5Ta0.5Ti1.5Zr0.5
122,25,1352,AlNbTa0.5TiZr0.5
123,1000,535,AlNbTa0.5TiZr0.5
124,1810,0,AlNbTa0.5TiZr0.5
125,22,1020,AlNbTiV
126,600,810,AlNbTiV
127,800,685,AlNbTiV
128,1000,158,AlNbTiV
129,1679,0,AlNbTiV
130,25,1500,AlNbTiVZr
131,600,1155,AlNbTiVZr
132,800,550,AlNbTiVZr
133,1714,0,AlNbTiVZr
134,25,1290,AlNbTiVZr0.1
135,600,975,AlNbTiVZr0.1
136,800,865,AlNbTiVZr0.1
137,1683,0,AlNbTiVZr0.1
138,25,1360,AlNbTiVZr0.25
139,600,1065,AlNbTiVZr0.25
140,800,855,AlNbTiVZr0.25
141,1683,0,AlNbTiVZr0.25
142,25,1485,AlNbTiVZr0.5
143,600,1135,AlNbTiVZr0.5
144,800,675,AlNbTiVZr0.5
145,1698,0,AlNbTiVZr0.5
146,25,1535,AlNbTiVZr1.5
147,600,1195,AlNbTiVZr1.5
148,800,180,AlNbTiVZr1.5
149,1727,0,AlNbTiVZr1.5
150,850,290,C0.1Co45Cr25Fe15Ni15
151,850,230,C0.1Co45Cr25Fe15Ni15
152,850,150,C0.1Co45Cr25Fe15Ni15
153,900,260,C0.1Co45Cr25Fe15Ni15
154,900,160,C0.1Co45Cr25Fe15Ni15
155,900,110,C0.1Co45Cr25Fe15Ni15
156,950,140,C0.1Co45Cr25Fe15Ni15
157,950,110,C0.1Co45Cr25Fe15Ni15
158,950,80,C0.1Co45Cr25Fe15Ni15
159,1000,150,C0.1Co45Cr25Fe15Ni15
160,1000,90,C0.1Co45Cr25Fe15Ni15
161,1000,50,C0.1Co45Cr25Fe15Ni15
162,1598.55,0,C0.1Co45Cr25Fe15Ni15
163,25,1265,C0.1Hf0.25NbTaW0.5
164,1000,768,C0.1Hf0.25NbTaW0.5
165,1200,733,C0.1Hf0.25NbTaW0.5
166,1400,639,C0.1Hf0.25NbTaW0.5
167,3031.91,0,C0.1Hf0.25NbTaW0.5
168,25,1317,C0.25Hf0.25NbTaW0.5
169,1000,868,C0.25Hf0.25NbTaW0.5
170,1200,792,C0.25Hf0.25NbTaW0.5
171,1400,749,C0.25Hf0.25NbTaW0.5
172,3052.25,0,C0.25Hf0.25NbTaW0.5
173,25,310,CoCrFeHf0.1Ni
174,600,220,CoCrFeHf0.1Ni
175,800,170,CoCrFeHf0.1Ni
176,1633.34,0,CoCrFeHf0.1Ni
177,25,450,CoCrFeHf0.2Ni
178,600,360,CoCrFeHf0.2Ni
179,800,260,CoCrFeHf0.2Ni
180,1666.29,0,CoCrFeHf0.2Ni
181,25,810,CoCrFeHf0.3Ni
182,600,710,CoCrFeHf0.3Ni
183,800,400,CoCrFeHf0.3Ni
184,1697.7,0,CoCrFeHf0.3Ni
185,25,1180,CoCrFeHf0.4Ni
186,600,1150,CoCrFeHf0.4Ni
187,800,540,CoCrFeHf0.4Ni
188,1727.68,0,CoCrFeHf0.4Ni
189,25,1250,CoCrFeHf0.5Ni
190,600,1200,CoCrFeHf0.5Ni
191,800,420,CoCrFeHf0.5Ni
192,1756.33,0,CoCrFeHf0.5Ni
193,25,1560,CoCrFeHf0.6Ni
194,600,1290,CoCrFeHf0.6Ni
195,800,470,CoCrFeHf0.6Ni
196,1783.74,0,CoCrFeHf0.6Ni
197,22,1005,Cr20Nb30Ti40Zr10
198,600,775,Cr20Nb30Ti40Zr10
199,700,535,Cr20Nb30Ti40Zr10
200,800,205,Cr20Nb30Ti40Zr10
201,1000,60,Cr20Nb30Ti40Zr10
202,1977.2,0,Cr20Nb30Ti40Zr10
203,25,1595,CrMo0.5NbTa0.5TiZr
204,800,983,CrMo0.5NbTa0.5TiZr
205,1000,546,CrMo0.5NbTa0.5TiZr
206,1200,170,CrMo0.5NbTa0.5TiZr
207,2145,0,CrMo0.5NbTa0.5TiZr
208,23,1518,CrMoNbV
209,300,1432,CrMoNbV
210,500,1270,CrMoNbV
211,700,1142,CrMoNbV
212,800,1121,CrMoNbV
213,900,1095,CrMoNbV
214,1000,1080,CrMoNbV
215,2229,0,CrMoNbV
216,25,1298,CrNbTiVZr
217,600,1230,CrNbTiVZr
218,800,615,CrNbTiVZr
219,1000,259,CrNbTiVZr
220,1963,0,CrNbTiVZr
221,25,1260,CrNbTiZr
222,600,1035,CrNbTiZr
223,800,300,CrNbTiZr
224,1000,115,CrNbTiZr
225,1977,0,CrNbTiZr
226,25,2050,CrTaTi0.3VW
227,1200,586,CrTaTi0.3VW
228,2501,0,CrTaTi0.3VW
229,25,2327,CrTaVW
230,1200,979,CrTaVW
231,2564,0,CrTaVW
232,25,1037,Hf0.25NbTaW0.5
233,25,942,Hf0.25NbTaW0.5
234,1000,584,Hf0.25NbTaW0.5
235,1200,577,Hf0.25NbTaW0.5
236,1400,455,Hf0.25NbTaW0.5
237,2998.64,0,Hf0.25NbTaW0.5
238,25,822,Hf0.4Nb1.54Ta1.54Ti0.89Zr0.64
239,60,795,Hf0.4Nb1.54Ta1.54Ti0.89Zr0.64
240,100,765,Hf0.4Nb1.54Ta1.54Ti0.89Zr0.64
241,200,650,Hf0.4Nb1.54Ta1.54Ti0.89Zr0.64
242,300,590,Hf0.4Nb1.54Ta1.54Ti0.89Zr0.64
243,2402,0,Hf0.4Nb1.54Ta1.54Ti0.89Zr0.64
244,-268.8,2390,Hf0.75NbTa0.5Ti1.5Zr1.25
245,-268.8,2250,Hf0.75NbTa0.5Ti1.5Zr1.25
246,-268.8,2210,Hf0.75NbTa0.5Ti1.5Zr1.25
247,-196,1920,Hf0.75NbTa0.5Ti1.5Zr1.25
248,-196,1880,Hf0.75NbTa0.5Ti1.5Zr1.25
249,-153,1640,Hf0.75NbTa0.5Ti1.5Zr1.25
250,-153,1550,Hf0.75NbTa0.5Ti1.5Zr1.25
251,-103,1380,Hf0.75NbTa0.5Ti1.5Zr1.25
252,-103,1370,Hf0.75NbTa0.5Ti1.5Zr1.25
253,-43,1200,Hf0.75NbTa0.5Ti1.5Zr1.25
254,-43,1180,Hf0.75NbTa0.5Ti1.5Zr1.25
255,25,1150,Hf0.75NbTa0.5Ti1.5Zr1.25
256,25,1100,Hf0.75NbTa0.5Ti1.5Zr1.25
257,72,1040,Hf0.75NbTa0.5Ti1.5Zr1.25
258,72,1020,Hf0.75NbTa0.5Ti1.5Zr1.25
259,2096,0,Hf0.75NbTa0.5Ti1.5Zr1.25
260,25,1617,HfMo0.5NbSi0.3TiV0.5
261,1200,166,HfMo0.5NbSi0.3TiV0.5
262,2109,0,HfMo0.5NbSi0.3TiV0.5
263,1000,398,HfMo0.5NbSi0.3TiV0.5
264,25,1600,HfMoNbTaTiZr
265,800,1045,HfMoNbTaTiZr
266,1000,855,HfMoNbTaTiZr
267,1200,404,HfMoNbTaTiZr
268,2279,0,HfMoNbTaTiZr
269,23,1575,HfMoNbTiZr
270,800,825,HfMoNbTiZr
271,1000,635,HfMoNbTiZr
272,1200,187,HfMoNbTiZr
273,2297,0,HfMoNbTiZr
274,25,1399,HfNbSi0.5TiV
275,800,875,HfNbSi0.5TiV
276,1000,240,HfNbSi0.5TiV
277,1999,0,HfNbSi0.5TiV
278,25,1540,HfNbSi0.5TiVZr
279,25,1483,HfNbSi0.5TiVZr
280,400,1273,HfNbSi0.5TiVZr
281,600,920,HfNbSi0.5TiVZr
282,600,597,HfNbSi0.5TiVZr
283,800,371,HfNbSi0.5TiVZr
284,800,102,HfNbSi0.5TiVZr
285,1973,0,HfNbSi0.5TiVZr
286,23,929,HfNbTaTiZr
287,600,675,HfNbTaTiZr
288,800,535,HfNbTaTiZr
289,1000,295,HfNbTaTiZr
290,1200,92,HfNbTaTiZr
291,2250,0,HfNbTaTiZr
292,25,1515,MoNbTaTiVW
293,600,973,MoNbTaTiVW
294,800,791.3,MoNbTaTiVW
295,1000,752.8,MoNbTaTiVW
296,1200,659,MoNbTaTiVW
297,2520,0,MoNbTaTiVW
298,23,1246,MoNbTaVW
299,600,862,MoNbTaVW
300,800,846,MoNbTaVW
301,1000,842,MoNbTaVW
302,1200,735,MoNbTaVW
303,1400,656,MoNbTaVW
304,1600,477,MoNbTaVW
305,2690,0,MoNbTaVW
306,23,1058,MoNbTaW
307,600,561,MoNbTaW
308,800,552,MoNbTaW
309,1000,548,MoNbTaW
310,1200,506,MoNbTaW
311,1400,421,MoNbTaW
312,1600,405,MoNbTaW
313,2885,0,MoNbTaW
314,850,310,N0.05Co45Cr25Fe15Ni15
315,850,240,N0.05Co45Cr25Fe15Ni15
316,850,160,N0.05Co45Cr25Fe15Ni15
317,900,260,N0.05Co45Cr25Fe15Ni15
318,900,190,N0.05Co45Cr25Fe15Ni15
319,900,100,N0.05Co45Cr25Fe15Ni15
320,950,210,N0.05Co45Cr25Fe15Ni15
321,950,130,N0.05Co45Cr25Fe15Ni15
322,950,70,N0.05Co45Cr25Fe15Ni15
323,1000,150,N0.05Co45Cr25Fe15Ni15
324,1000,80,N0.05Co45Cr25Fe15Ni15
325,1000,50,N0.05Co45Cr25Fe15Ni15
326,1598.49,0,N0.05Co45Cr25Fe15Ni15
327,22,675,Nb30Ti40Zr30
328,600,370,Nb30Ti40Zr30
329,700,210,Nb30Ti40Zr30
330,800,125,Nb30Ti40Zr30
331,1000,115,Nb30Ti40Zr30
332,1966.8,0,Nb30Ti40Zr30
333,-187,2112,NbTaTiVZr
334,25,1513,NbTaTiVZr
335,1200,78,NbTaTiVZr
336,2185.4,0,NbTaTiVZr
337,25,918,NbTiV2Zr
338,600,571,NbTiV2Zr
339,800,240,NbTiV2Zr
340,1000,72,NbTiV2Zr
341,1964,0,NbTiV2Zr
342,25,1105,NbTiVZr
343,600,834,NbTiVZr
344,800,187,NbTiVZr
345,1000,58,NbTiVZr
346,1978,0,NbTiVZr
347,25,354,Al0.05Cr0.5FeMn0.625Ni0.375
348,400,260,Al0.05Cr0.5FeMn0.625Ni0.375
349,600,155,Al0.05Cr0.5FeMn0.625Ni0.375
350,1447.64,0,Al0.05Cr0.5FeMn0.625Ni0.375
351,25,550,Al0.15Cr0.5FeMn0.625Ni0.375
352,400,469,Al0.15Cr0.5FeMn0.625Ni0.375
353,600,272,Al0.15Cr0.5FeMn0.625Ni0.375
354,1448.39,0,Al0.15Cr0.5FeMn0.625Ni0.375
355,25,1965,Al0.214Nb0.714Ta0.571TiV0.143Zr0.929
356,800,678,Al0.214Nb0.714Ta0.571TiV0.143Zr0.929
357,1000,166,Al0.214Nb0.714Ta0.571TiV0.143Zr0.929
358,2043.42,0,Al0.214Nb0.714Ta0.571TiV0.143Zr0.929
359,25,1965,Al0.214Nb0.714Ta0.714TiZr0.929
360,800,362,Al0.214Nb0.714Ta0.714TiZr0.929
361,1000,236,Al0.214Nb0.714Ta0.714TiZr0.929
362,2087.75,0,Al0.214Nb0.714Ta0.714TiZr0.929
363,23,1240,Al0.24NbTiVZr
364,1000,82,Al0.24NbTiVZr
365,1200,24,Al0.24NbTiVZr
366,1902.95,0,Al0.24NbTiVZr
367,25,994,Al0.25Cr0.5FeMn0.625Ni0.375
368,400,943,Al0.25Cr0.5FeMn0.625Ni0.375
369,600,359,Al0.25Cr0.5FeMn0.625Ni0.375
370,1447.64,0,Al0.25Cr0.5FeMn0.625Ni0.375
371,25,1340,Al0.25Cr0.5Nb0.5TiV0.25
372,600,930,Al0.25Cr0.5Nb0.5TiV0.25
373,800,445,Al0.25Cr0.5Nb0.5TiV0.25
374,1000,90,Al0.25Cr0.5Nb0.5TiV0.25
375,1801.05,0,Al0.25Cr0.5Nb0.5TiV0.25
376,23,627,Al0.278Co0.694Cr0.222Fe0.417NiTi0.167
377,23,520,Al0.278Co0.694Cr0.222Fe0.417NiTi0.167
378,600,594,Al0.278Co0.694Cr0.222Fe0.417NiTi0.167
379,600,470,Al0.278Co0.694Cr0.222Fe0.417NiTi0.167
380,700,486,Al0.278Co0.694Cr0.222Fe0.417NiTi0.167
381,700,487,Al0.278Co0.694Cr0.222Fe0.417NiTi0.167
382,700,547,Al0.278Co0.694Cr0.222Fe0.417NiTi0.167
383,700,461,Al0.278Co0.694Cr0.222Fe0.417NiTi0.167
384,800,445,Al0.278Co0.694Cr0.222Fe0.417NiTi0.167
385,800,399,Al0.278Co0.694Cr0.222Fe0.417NiTi0.167
386,900,243,Al0.278Co0.694Cr0.222Fe0.417NiTi0.167
387,900,219,Al0.278Co0.694Cr0.222Fe0.417NiTi0.167
388,1446.87,0,Al0.278Co0.694Cr0.222Fe0.417NiTi0.167
389,25,2035,Al0.333Nb0.667Ta0.533TiV0.133Zr0.667
390,800,796,Al0.333Nb0.667Ta0.533TiV0.133Zr0.667
391,1000,220,Al0.333Nb0.667Ta0.533TiV0.133Zr0.667
392,1992.04,0,Al0.333Nb0.667Ta0.533TiV0.133Zr0.667
393,25,866,Al0.343Co0.514Cr0.514FeNi0.514
394,650,400,Al0.343Co0.514Cr0.514FeNi0.514
395,700,220,Al0.343Co0.514Cr0.514FeNi0.514
396,1476.97,0,Al0.343Co0.514Cr0.514FeNi0.514
397,25,942,Al0.35Cr0.5FeMn0.625Ni0.375
398,400,833,Al0.35Cr0.5FeMn0.625Ni0.375
399,600,326,Al0.35Cr0.5FeMn0.625Ni0.375
400,1420.02,0,Al0.35Cr0.5FeMn0.625Ni0.375
401,25,1284,Al0.5CoCrCuFeNi
402,300,411,Al0.5CoCrCuFeNi
403,500,421,Al0.5CoCrCuFeNi
404,700,426,Al0.5CoCrCuFeNi
405,900,230,Al0.5CoCrCuFeNi
406,1000,150,Al0.5CoCrCuFeNi
407,1100,80,Al0.5CoCrCuFeNi
408,1419.97,0,Al0.5CoCrCuFeNi
409,25,1700,Al0.667CrNb0.667Ti0.667V0.667
410,600,1370,Al0.667CrNb0.667Ti0.667V0.667
411,800,970,Al0.667CrNb0.667Ti0.667V0.667
412,1000,75,Al0.667CrNb0.667Ti0.667V0.667
413,1741.07,0,Al0.667CrNb0.667Ti0.667V0.667
414,25,1535,Al0.667Nb0.667Ti0.667V0.667Zr
415,600,1195,Al0.667Nb0.667Ti0.667V0.667Zr
416,800,180,Al0.667Nb0.667Ti0.667V0.667Zr
417,1726.89,0,Al0.667Nb0.667Ti0.667V0.667Zr
418,25,1280,Al0.667NbTa0.333TiZr0.333
419,800,728,Al0.667NbTa0.333TiZr0.333
420,1000,403,Al0.667NbTa0.333TiZr0.333
421,1862.57,0,Al0.667NbTa0.333TiZr0.333
422,25,1620,AlCo0.5Cr0.5Cu0.5Fe0.5Ni0.5
423,500,1120,AlCo0.5Cr0.5Cu0.5Fe0.5Ni0.5
424,600,805,AlCo0.5Cr0.5Cu0.5Fe0.5Ni0.5
425,700,567,AlCo0.5Cr0.5Cu0.5Fe0.5Ni0.5
426,800,302,AlCo0.5Cr0.5Cu0.5Fe0.5Ni0.5
427,900,214,AlCo0.5Cr0.5Cu0.5Fe0.5Ni0.5
428,1000,116,AlCo0.5Cr0.5Cu0.5Fe0.5Ni0.5
429,1100,79,AlCo0.5Cr0.5Cu0.5Fe0.5Ni0.5
430,1257.23,0,AlCo0.5Cr0.5Cu0.5Fe0.5Ni0.5
431,25,948,AlCoCrCuFeNi
432,600,561,AlCoCrCuFeNi
433,700,307,AlCoCrCuFeNi
434,800,172,AlCoCrCuFeNi
435,900,98,AlCoCrCuFeNi
436,1000,47,AlCoCrCuFeNi
437,1356.68,0,AlCoCrCuFeNi
438,20,1511,AlCrCuFeNi
439,400,1366,AlCrCuFeNi
440,600,410,AlCrCuFeNi
441,800,48,AlCrCuFeNi
442,1329.02,0,AlCrCuFeNi
443,20,740,AlNbTaTi
444,100,740,AlNbTaTi
445,200,740,AlNbTaTi
446,1955.63,0,AlNbTaTi
447,25,1020,AlNbTiV
448,25,1000,AlNbTiV
449,600,780,AlNbTiV
450,800,560,AlNbTiV
451,1000,110,AlNbTiV
452,-196,419,Co0.5Fe0.5Mo0.1NiV0.25
453,-70,350,Co0.5Fe0.5Mo0.1NiV0.25
454,20,252,Co0.5Fe0.5Mo0.1NiV0.25
455,600,214,Co0.5Fe0.5Mo0.1NiV0.25
456,700,212,Co0.5Fe0.5Mo0.1NiV0.25
457,800,187,Co0.5Fe0.5Mo0.1NiV0.25
458,1579.28,0,Co0.5Fe0.5Mo0.1NiV0.25
459,25,219,Cr0.5FeMn0.625Ni0.375
460,400,132,Cr0.5FeMn0.625Ni0.375
461,600,115,Cr0.5FeMn0.625Ni0.375
462,1519.86,0,Cr0.5FeMn0.625Ni0.375
463,23,1576,Cr3NbTiZr
464,1000,139,Cr3NbTiZr
465,1200,32,Cr3NbTiZr
466,1953.5,0,Cr3NbTiZr
467,20,1630,CrMoNbTi
468,200,1268,CrMoNbTi
469,400,1115,CrMoNbTi
470,600,1062,CrMoNbTi
471,800,1058,CrMoNbTi
472,2168.75,0,CrMoNbTi
473,25,1518,CrMoNbV
474,20,1795,CrMoTaTi
475,100,1506,CrMoTaTi
476,200,1266,CrMoTaTi
477,300,1183,CrMoTaTi
478,400,1175,CrMoTaTi
479,600,1162,CrMoTaTi
480,800,1162,CrMoTaTi
481,1000,1159,CrMoTaTi
482,2303.75,0,CrMoTaTi
483,23,1576,CrNb0.333Ti0.333Zr0.333
484,1000,139,CrNb0.333Ti0.333Zr0.333
485,1200,32,CrNb0.333Ti0.333Zr0.333
486,1953.48,0,CrNb0.333Ti0.333Zr0.333
487,25,2034,CrTaTi0.17VW
488,1200,750,CrTaTi0.17VW
489,2527.47,0,CrTaTi0.17VW
490,25,1065,Hf0.25Nb0.25TiV0.5Zr0.5
491,600,718,Hf0.25Nb0.25TiV0.5Zr0.5
492,800,135,Hf0.25Nb0.25TiV0.5Zr0.5
493,1891.2,0,Hf0.25Nb0.25TiV0.5Zr0.5
494,25,980,Hf0.25Nb0.5TiV0.5Zr0.5
495,600,859,Hf0.25Nb0.5TiV0.5Zr0.5
496,800,195,Hf0.25Nb0.5TiV0.5Zr0.5
497,1944.45,0,Hf0.25Nb0.5TiV0.5Zr0.5
498,25,1160,Hf0.25TiV0.5Zr0.5
499,600,405,Hf0.25TiV0.5Zr0.5
500,800,85,Hf0.25TiV0.5Zr0.5
501,1826.11,0,Hf0.25TiV0.5Zr0.5
502,25,845,Hf0.26NbTaTi0.578Zr0.416
503,60,795,Hf0.26NbTaTi0.578Zr0.416
504,100,765,Hf0.26NbTaTi0.578Zr0.416
505,200,650,Hf0.26NbTaTi0.578Zr0.416
506,300,590,Hf0.26NbTaTi0.578Zr0.416
507,2400.23,0,Hf0.26NbTaTi0.578Zr0.416
508,-268.8,2210,Hf0.5Nb0.667Ta0.333TiZr0.833
509,-268.8,2390,Hf0.5Nb0.667Ta0.333TiZr0.833
510,-268.8,2250,Hf0.5Nb0.667Ta0.333TiZr0.833
511,-196,1880,Hf0.5Nb0.667Ta0.333TiZr0.833
512,-196,1920,Hf0.5Nb0.667Ta0.333TiZr0.833
513,-196,1750,Hf0.5Nb0.667Ta0.333TiZr0.833
514,-153,1370,Hf0.5Nb0.667Ta0.333TiZr0.833
515,-153,1640,Hf0.5Nb0.667Ta0.333TiZr0.833
516,-153,1550,Hf0.5Nb0.667Ta0.333TiZr0.833
517,-103,1380,Hf0.5Nb0.667Ta0.333TiZr0.833
518,-103,1370,Hf0.5Nb0.667Ta0.333TiZr0.833
519,-103,1250,Hf0.5Nb0.667Ta0.333TiZr0.833
520,-43,1180,Hf0.5Nb0.667Ta0.333TiZr0.833
521,-43,1200,Hf0.5Nb0.667Ta0.333TiZr0.833
522,-43,1020,Hf0.5Nb0.667Ta0.333TiZr0.833
523,25,1150,Hf0.5Nb0.667Ta0.333TiZr0.833
524,25,890,Hf0.5Nb0.667Ta0.333TiZr0.833
525,25,1100,Hf0.5Nb0.667Ta0.333TiZr0.833
526,72,1040,Hf0.5Nb0.667Ta0.333TiZr0.833
527,72,1020,Hf0.5Nb0.667Ta0.333TiZr0.833
528,72,640,Hf0.5Nb0.667Ta0.333TiZr0.833
529,2095.34,0,Hf0.5Nb0.667Ta0.333TiZr0.833
530,25,1787,HfMo0.5NbSi0.5TiV0.5
531,1000,614,HfMo0.5NbSi0.5TiV0.5
532,1200,188,HfMo0.5NbSi0.5TiV0.5
533,2078,0,HfMo0.5NbSi0.5TiV0.5
534,25,2134,HfMo0.5NbSi0.7TiV0.5
535,1000,673,HfMo0.5NbSi0.7TiV0.5
536,1200,235,HfMo0.5NbSi0.7TiV0.5
537,2050,0,HfMo0.5NbSi0.7TiV0.5
538,25,1260,HfMo0.5NbTiV0.5
539,1000,368,HfMo0.5NbTiV0.5
540,1200,60,HfMo0.5NbTiV0.5
541,2161,0,HfMo0.5NbTiV0.5
542,2161.13,0,HfMo0.5NbTiV0.5
543,25,1637,HfMoNbTaTiWZr
544,800,1065,HfMoNbTaTiWZr
545,1000,736,HfMoNbTaTiWZr
546,1200,703,HfMoNbTaTiWZr
547,2470.71,0,HfMoNbTaTiWZr
548,25,1512,HfMoNbTaTiZr
549,800,1007,HfMoNbTaTiZr
550,1000,814,HfMoNbTaTiZr
551,1200,556,HfMoNbTaTiZr
552,2312,0,HfMoNbTaTiZr
553,25,1369,HfMoNbTaTi
554,800,822,HfMoNbTaTi
555,1000,778,HfMoNbTaTi
556,1200,699,HfMoNbTaTi
557,1400,367,HfMoNbTaTi
558,2403.6,0,HfMoNbTaTi
559,25,1524,HfMoNbTaZr
560,800,1005,HfMoNbTaZr
561,1000,927,HfMoNbTaZr
562,1200,694,HfMoNbTaZr
563,1400,278,HfMoNbTaZr
564,2441,0,HfMoNbTaZr
565,25,1719,HfMoNbTiZr
566,25,1575,HfMoNbTiZr
567,900,728,HfMoNbTiZr
568,1100,397,HfMoNbTiZr
569,800,829,HfMoNbTiZr
570,1000,721,HfMoNbTiZr
571,1200,301,HfMoNbTiZr
572,25,1600,HfMoTaTiZr
573,800,1045,HfMoTaTiZr
574,1000,855,HfMoTaTiZr
575,1200,404,HfMoTaTiZr
576,2279.2,0,HfMoTaTiZr
577,25,1550,HfNbTaTiWZr
578,800,577,HfNbTaTiWZr
579,1000,409,HfNbTaTiWZr
580,1200,345,HfNbTaTiWZr
581,2445.33,0,HfNbTaTiWZr
582,25,1073,HfNbTaTiZr
583,25,1015,HfNbTaTiZr
584,25,1520,HfNbTaTiZr
585,25,795,HfNbTaTiZr
586,25,1900,HfNbTaTiZr
587,25,830,HfNbTaTiZr
588,25,1303,HfNbTaTiZr
589,25,1202,HfNbTaTiZr
590,25,1145,HfNbTaTiZr
591,25,958,HfNbTaTiZr
592,25,944,HfNbTaTiZr
593,25,940,HfNbTaTiZr
594,25,929,HfNbTaTiZr
595,25,905,HfNbTaTiZr
596,25,890,HfNbTaTiZr
597,25,828,HfNbTaTiZr
598,25,827,HfNbTaTiZr
599,25,820,HfNbTaTiZr
600,25,803,HfNbTaTiZr
601,400,790,HfNbTaTiZr
602,800,475,HfNbTaTiZr
603,800,285,HfNbTaTiZr
604,20,834,HfNbTaTi
605,20,860,HfNbTaTi
606,200,610,HfNbTaTi
607,600,473,HfNbTaTi
608,2348.75,0,HfNbTaTi
609,25,1000,HfNbTiZr
610,800,303,HfNbTiZr
611,1000,154,HfNbTiZr
612,2058.25,0,HfNbTiZr
613,25,2483,MoNbSi0.75TaW
614,1200,960,MoNbSi0.75TaW
615,2652.53,0,MoNbSi0.75TaW
616,25,1455,MoNbTaTiW
617,25,1343,MoNbTaTiW
618,600,689,MoNbTaTiW
619,800,674,MoNbTaTiW
620,1000,620,MoNbTaTiW
621,1200,586,MoNbTaTiW
622,2641,0,MoNbTaTiW
623,20,1210,MoNbTaTi
624,60,1071,MoNbTaTi
625,100,1029,MoNbTaTi
626,200,868,MoNbTaTi
627,300,732,MoNbTaTi
628,400,685,MoNbTaTi
629,600,593,MoNbTaTi
630,800,564,MoNbTaTi
631,1000,539,MoNbTaTi
632,2403.6,0,MoNbTaTi
633,25,1246,MoNbTaVW
634,25,996,MoNbTaW
635,25,1058,MoNbTaW
636,25,1217,MoNbTaW
637,23,1706,MoNbTiVZr
638,1000,467,MoNbTiVZr
639,1200,116,MoNbTiVZr
640,2106.6,0,MoNbTiVZr
641,23,1100,MoNbTi
642,1000,504,MoNbTi
643,1200,324,MoNbTi
644,2256,0,MoNbTi
645,25,918,Nb0.5Ti0.5VZr0.5
646,600,571,Nb0.5Ti0.5VZr0.5
647,800,240,Nb0.5Ti0.5VZr0.5
648,1000,72,Nb0.5Ti0.5VZr0.5
649,1964,0,Nb0.5Ti0.5VZr0.5
650,23,1244,NbRe0.3TiZr
651,1000,323,NbRe0.3TiZr
652,1200,89,NbRe0.3TiZr
653,2107.73,0,NbRe0.3TiZr
654,23,882,NbTa0.3TiZr
655,1000,274,NbTa0.3TiZr
656,1200,102,NbTa0.3TiZr
657,2092.45,0,NbTa0.3TiZr
658,23,1395,NbTaTiVZr
659,1000,190,NbTaTiVZr
660,20,1054,NbTaTiW
661,100,968,NbTaTiW
662,200,869,NbTaTiW
663,300,754,NbTaTiW
664,400,627,NbTaTiW
665,600,596,NbTaTiW
666,800,564,NbTaTiW
667,1000,459,NbTaTiW
668,2646,0,NbTaTiW
669,20,573,NbTaTi
670,100,486,NbTaTi
671,200,378,NbTaTi
672,300,314,NbTaTi
673,400,232,NbTaTi
674,600,222,NbTaTi
675,800,210,NbTaTi
676,1000,160,NbTaTi
677,2387.33,0,NbTaTi
678,23,975,NbTiZr
679,800,462,NbTiZr
680,1000,141,NbTiZr
681,1000,218,NbTiZr
682,1200,61,NbTiZr
683,2000,0,NbTiZr
684,800,518,TiZrTa0.7NbMo
685,1000,342,TiZrTa0.7NbMo
686,1200,113,TiZrTa0.7NbMo
687,25,1349,TiZrTa0.7NbMo
688,25,1030,Ti0.42Hf0.21Nb0.21V0.16
689,400,681,Ti0.42Hf0.21Nb0.21V0.16
690,500,661,Ti0.42Hf0.21Nb0.21V0.16
691,600,625,Ti0.42Hf0.21Nb0.21V0.16
692,800,0,Ti0.42Hf0.21Nb0.21V0.16
693,25,1399,HfNbTiVSi0.5
694,800,875,HfNbTiVSi0.5
695,1000,240,HfNbTiVSi0.5
696,25,1390,NbMoTaW
697,800,694,NbMoTaW
698,1200,312,NbMoTaW
699,25,1471,Cr24.75Mo24.75Nb24.75V24.75C1
700,400,1145,Cr24.75Mo24.75Nb24.75V24.75C1
701,600,1050,Cr24.75Mo24.75Nb24.75V24.75C1
702,800,923,Cr24.75Mo24.75Nb24.75V24.75C1
703,1000,787,Cr24.75Mo24.75Nb24.75V24.75C1
704,20,977,Ti37V15Nb22Hf23W3
705,100,893,Ti37V15Nb22Hf23W3
706,200,759,Ti37V15Nb22Hf23W3
707,400,697,Ti37V15Nb22Hf23W3
708,600,729,Ti37V15Nb22Hf23W3
709,700,648,Ti37V15Nb22Hf23W3
710,800,575,Ti37V15Nb22Hf23W3
711,950,186,Ti37V15Nb22Hf23W3
712,25,1410,MoTaVW
713,900,780,MoTaVW
714,1000,750,MoTaVW
715,1100,720,MoTaVW
716,1200,575,MoTaVW
717,1300,425,MoTaVW
718,1400,340,MoTaVW
719,1500,160,MoTaVW
720,700,667,NbTaTiV
721,800,580,NbTaTiV
722,900,540,NbTaTiV
723,1000,437,NbTaTiV
724,25,1373,NbTaTiV
725,25,1225,Ti30Hf20Nb20Ta10V10Mo7W3
726,800,734,Ti30Hf20Nb20Ta10V10Mo7W3
727,1000,355,Ti30Hf20Nb20Ta10V10Mo7W3
728,25,1550,MoNbV
729,25,1520,MoNbVTa0.3
730,25,1505,MoNbVTa0.5
731,25,1451,MoNbVTa0.7
732,25,1344,MoNbVTa
733,600,731,MoNbV
734,600,774,MoNbVTa0.3
735,600,830,MoNbVTa0.5
736,600,835,MoNbVTa0.7
737,600,844,MoNbVTa
738,1000,708,MoNbV
739,1000,723,MoNbVTa0.3
740,1000,807,MoNbVTa0.5
741,1000,782,MoNbVTa0.7
742,1000,786,MoNbVTa
743,1200,640,MoNbV
744,1200,644,MoNbVTa0.3
745,1200,697,MoNbVTa0.5
746,1200,652,MoNbVTa0.7
747,1200,647,MoNbVTa
