,VEC,ElectDiff,Atomic Size Diff,Mixing Enthalpy,Mixing Entropy,AVG Shear Modulus,AVG Bulk Modulus,AVG Possion Ratio,Itinerate Electron,Cohesive Energy,Local Size Mismatch,Local Shear Modulus Mismatch,Local Electronegativity Mismatch,Avg Melting Pt,Assigned Point
0,4.6,0.311229819,6.209384292,-1.92,13.3808668,65.2,148.8,0.344,4.4,5.65,-0.01544,7.2,-0.0176,2606.92,6698.1328116
1,4.6,0.311229819,6.209384292,-1.92,13.3808668,65.2,148.8,0.344,4.4,5.65,-0.01544,7.2,-0.0176,2606.92,6698.1328116
2,4.6,0.311229819,6.209384292,-1.92,13.3808668,65.2,148.8,0.344,4.4,5.65,-0.01544,7.2,-0.0176,2606.92,6698.1328116
3,4.6,0.311229819,6.209384292,-1.92,13.3808668,65.2,148.8,0.344,4.4,5.65,-0.01544,7.2,-0.0176,2606.92,6698.1328116
4,4.6,0.311229819,6.209384292,-1.92,13.3808668,65.2,148.8,0.344,4.4,5.65,-0.01544,7.2,-0.0176,2606.92,6698.1328116
5,3.9,0.355724613,23.12632853,-0.2,11.85725858,54.8,117.8,0.285,4.0,4.541,0.00439,-0.96,-0.051,2009.82,8469.13343145
6,3.9,0.355724613,23.12632853,-0.2,11.85725858,54.8,117.8,0.285,4.0,4.541,0.00439,-0.96,-0.051,2009.82,8469.13343145
7,3.9,0.355724613,23.12632853,-0.2,11.85725858,54.8,117.8,0.285,4.0,4.541,0.00439,-0.96,-0.051,2009.82,8469.13343145
8,3.9,0.355724613,23.12632853,-0.2,11.85725858,54.8,117.8,0.285,4.0,4.541,0.00439,-0.96,-0.051,2009.82,8469.13343145
9,3.9,0.355724613,23.12632853,-0.2,11.85725858,54.8,117.8,0.285,4.0,4.541,0.00439,-0.96,-0.051,2009.82,8469.13343145
10,3.9,0.355724613,23.12632853,-0.2,11.85725858,54.8,117.8,0.285,4.0,4.541,0.00439,-0.96,-0.051,2009.82,8469.13343145
11,3.9,0.355724613,23.12632853,-0.2,11.85725858,54.8,117.8,0.285,4.0,4.541,0.00439,-0.96,-0.051,2009.82,8469.13343145
12,5.000000005,0.381345631,6.001545014,-3.591836742,16.17829699,84.42857151,174.857143,0.342857143,5.000000005,6.178571435,-0.001428571,-4.000000008,-0.076326531,2782.84286,5729.6993754
13,5.000000005,0.381345631,6.001545014,-3.591836742,16.17829699,84.42857151,174.857143,0.342857143,5.000000005,6.178571435,-0.001428571,-4.000000008,-0.076326531,2782.84286,5729.6993754
14,5.000000005,0.381345631,6.001545014,-3.591836742,16.17829699,84.42857151,174.857143,0.342857143,5.000000005,6.178571435,-0.001428571,-4.000000008,-0.076326531,2782.84286,5729.6993754
15,5.000000005,0.381345631,6.001545014,-3.591836742,16.17829699,84.42857151,174.857143,0.342857143,5.000000005,6.178571435,-0.001428571,-4.000000008,-0.076326531,2782.84286,5729.6993754
16,5.000000005,0.381345631,6.001545014,-3.591836742,16.17829699,84.42857151,174.857143,0.342857143,5.000000005,6.178571435,-0.001428571,-4.000000008,-0.076326531,2782.84286,5729.6993754
17,4.200420042,0.170993541,11.68936122,1.416035397,11.86245082,61.48424846,124.2028203,0.325235524,4.360336034,4.869723972,-0.010633879,1.127511239,-0.00075752,2215.569758,6056.7279329
18,4.200420042,0.170993541,11.68936122,1.416035397,11.86245082,61.48424846,124.2028203,0.325235524,4.360336034,4.869723972,-0.010633879,1.127511239,-0.00075752,2215.569758,6056.7279329
19,4.200420042,0.170993541,11.68936122,1.416035397,11.86245082,61.48424846,124.2028203,0.325235524,4.360336034,4.869723972,-0.010633879,1.127511239,-0.00075752,2215.569758,6056.7279329
20,4.200420042,0.170993541,11.68936122,1.416035397,11.86245082,61.48424846,124.2028203,0.325235524,4.360336034,4.869723972,-0.010633879,1.127511239,-0.00075752,2215.569758,6056.7279329
21,4.28,0.156843871,9.677097593,2.272,12.82003797,68.2,128.0,0.3324,4.24,5.1416,-0.01664,3.248,0.01488,2377.24,5638.012611
22,4.28,0.156843871,9.677097593,2.272,12.82003797,68.2,128.0,0.3324,4.24,5.1416,-0.01664,3.248,0.01488,2377.24,5638.012611
23,4.28,0.156843871,9.677097593,2.272,12.82003797,68.2,128.0,0.3324,4.24,5.1416,-0.01664,3.248,0.01488,2377.24,5638.012611
24,4.28,0.156843871,9.677097593,2.272,12.82003797,68.2,128.0,0.3324,4.24,5.1416,-0.01664,3.248,0.01488,2377.24,5638.012611
25,4.28,0.156843871,9.677097593,2.272,12.82003797,68.2,128.0,0.3324,4.24,5.1416,-0.01664,3.248,0.01488,2377.24,5638.012611
26,5.1,0.219809008,7.986019711,-4.92,14.53343194,77.8,149.8,0.327,5.2,5.971,-0.031814,6.48,-0.0374,2500.45,5389.74802725
27,5.1,0.219809008,7.986019711,-4.92,14.53343194,77.8,149.8,0.327,5.2,5.971,-0.031814,6.48,-0.0374,2500.45,5389.74802725
28,5.1,0.219809008,7.986019711,-4.92,14.53343194,77.8,149.8,0.327,5.2,5.971,-0.031814,6.48,-0.0374,2500.45,5389.74802725
29,5.1,0.219809008,7.986019711,-4.92,14.53343194,77.8,149.8,0.327,5.2,5.971,-0.031814,6.48,-0.0374,2500.45,5389.74802725
30,5.1,0.219809008,7.986019711,-4.92,14.53343194,77.8,149.8,0.327,5.2,5.971,-0.031814,6.48,-0.0374,2500.45,5389.74802725
31,4.76190476,0.088049262,6.029962613,-0.226757369,11.36313594,72.85714283,152.3809523,0.35,4.999999998,5.528571426,0.005102041,2.947845803,-0.022108844,2485.142856,5203.52853735
32,4.76190476,0.088049262,6.029962613,-0.226757369,11.36313594,72.85714283,152.3809523,0.35,4.999999998,5.528571426,0.005102041,2.947845803,-0.022108844,2485.142856,5203.52853735
33,4.76190476,0.088049262,6.029962613,-0.226757369,11.36313594,72.85714283,152.3809523,0.35,4.999999998,5.528571426,0.005102041,2.947845803,-0.022108844,2485.142856,5203.52853735
34,4.76190476,0.088049262,6.029962613,-0.226757369,11.36313594,72.85714283,152.3809523,0.35,4.999999998,5.528571426,0.005102041,2.947845803,-0.022108844,2485.142856,5203.52853735
35,4.76190476,0.088049262,6.029962613,-0.226757369,11.36313594,72.85714283,152.3809523,0.35,4.999999998,5.528571426,0.005102041,2.947845803,-0.022108844,2485.142856,5203.52853735
36,4.76190476,0.088049262,6.029962613,-0.226757369,11.36313594,72.85714283,152.3809523,0.35,4.999999998,5.528571426,0.005102041,2.947845803,-0.022108844,2485.142856,5203.52853735
37,4.0,0.451331364,29.56838163,-2.75,8.644238489,55.75,125.0,0.22,4.0,4.75,-0.0142375,6.375,-0.0625,1822.6125,5034.05906655
38,4.0,0.451331364,29.56838163,-2.75,8.644238489,55.75,125.0,0.22,4.0,4.75,-0.0142375,6.375,-0.0625,1822.6125,5034.05906655
39,4.0,0.451331364,29.56838163,-2.75,8.644238489,55.75,125.0,0.22,4.0,4.75,-0.0142375,6.375,-0.0625,1822.6125,5034.05906655
40,4.0,0.451331364,29.56838163,-2.75,8.644238489,55.75,125.0,0.22,4.0,4.75,-0.0142375,6.375,-0.0625,1822.6125,5034.05906655
41,4.0,0.451331364,29.56838163,-2.75,8.644238489,55.75,125.0,0.22,4.0,4.75,-0.0142375,6.375,-0.0625,1822.6125,5034.05906655
42,4.0,0.451331364,29.56838163,-2.75,8.644238489,55.75,125.0,0.22,4.0,4.75,-0.0142375,6.375,-0.0625,1822.6125,5034.05906655
43,3.756097561,0.339315502,28.47469524,-0.237953599,9.336658762,46.17073171,109.6097561,0.283902439,3.756097561,4.463170732,-0.005294468,-7.596668649,-0.005710886,1728.60122,4943.34405375
44,3.756097561,0.339315502,28.47469524,-0.237953599,9.336658762,46.17073171,109.6097561,0.283902439,3.756097561,4.463170732,-0.005294468,-7.596668649,-0.005710886,1728.60122,4943.34405375
45,3.756097561,0.339315502,28.47469524,-0.237953599,9.336658762,46.17073171,109.6097561,0.283902439,3.756097561,4.463170732,-0.005294468,-7.596668649,-0.005710886,1728.60122,4943.34405375
46,3.756097561,0.339315502,28.47469524,-0.237953599,9.336658762,46.17073171,109.6097561,0.283902439,3.756097561,4.463170732,-0.005294468,-7.596668649,-0.005710886,1728.60122,4943.34405375
47,4.363636368,0.268429776,21.3020234,-3.305785131,10.67694273,65.18181825,123.6363638,0.262727273,4.363636368,5.193636369,-0.025919008,3.851239677,0.006446281,1918.940911,4954.4870393
48,4.363636368,0.268429776,21.3020234,-3.305785131,10.67694273,65.18181825,123.6363638,0.262727273,4.363636368,5.193636369,-0.025919008,3.851239677,0.006446281,1918.940911,4954.4870393
49,4.363636368,0.268429776,21.3020234,-3.305785131,10.67694273,65.18181825,123.6363638,0.262727273,4.363636368,5.193636369,-0.025919008,3.851239677,0.006446281,1918.940911,4954.4870393
50,4.363636368,0.268429776,21.3020234,-3.305785131,10.67694273,65.18181825,123.6363638,0.262727273,4.363636368,5.193636369,-0.025919008,3.851239677,0.006446281,1918.940911,4954.4870393
51,4.363636368,0.268429776,21.3020234,-3.305785131,10.67694273,65.18181825,123.6363638,0.262727273,4.363636368,5.193636369,-0.025919008,3.851239677,0.006446281,1918.940911,4954.4870393
52,4.3634133,0.268460159,21.30479656,-3.305100013,10.67713151,65.1750272,123.6314066,0.26273446,4.3634133,5.193369679,-0.02591411,3.848348438,0.006442833,1918.868087,4944.2755729
53,4.3634133,0.268460159,21.30479656,-3.305100013,10.67713151,65.1750272,123.6314066,0.26273446,4.3634133,5.193369679,-0.02591411,3.848348438,0.006442833,1918.868087,4944.2755729
54,4.3634133,0.268460159,21.30479656,-3.305100013,10.67713151,65.1750272,123.6314066,0.26273446,4.3634133,5.193369679,-0.02591411,3.848348438,0.006442833,1918.868087,4944.2755729
55,4.3634133,0.268460159,21.30479656,-3.305100013,10.67713151,65.1750272,123.6314066,0.26273446,4.3634133,5.193369679,-0.02591411,3.848348438,0.006442833,1918.868087,4944.2755729
56,4.3634133,0.268460159,21.30479656,-3.305100013,10.67713151,65.1750272,123.6314066,0.26273446,4.3634133,5.193369679,-0.02591411,3.848348438,0.006442833,1918.868087,4944.2755729
57,7.695652164,0.196976197,8.938500144,-14.97164462,13.24158918,84.13043469,164.3478259,0.29173913,7.434782598,7.22130434,-0.038973535,8.355387508,0.021172023,2191.999998,4732.1349745
58,7.695652164,0.196976197,8.938500144,-14.97164462,13.24158918,84.13043469,164.3478259,0.29173913,7.434782598,7.22130434,-0.038973535,8.355387508,0.021172023,2191.999998,4732.1349745
59,7.695652164,0.196976197,8.938500144,-14.97164462,13.24158918,84.13043469,164.3478259,0.29173913,7.434782598,7.22130434,-0.038973535,8.355387508,0.021172023,2191.999998,4732.1349745
60,7.695652164,0.196976197,8.938500144,-14.97164462,13.24158918,84.13043469,164.3478259,0.29173913,7.434782598,7.22130434,-0.038973535,8.355387508,0.021172023,2191.999998,4732.1349745
61,5.0,0.117881296,8.334359749,-4.64,13.3808668,66.8,138.8,0.336,5.0,5.916,-0.047344,2.48,0.0264,2291.15,4619.7310562
62,5.0,0.117881296,8.334359749,-4.64,13.3808668,66.8,138.8,0.336,5.0,5.916,-0.047344,2.48,0.0264,2291.15,4619.7310562
63,5.0,0.117881296,8.334359749,-4.64,13.3808668,66.8,138.8,0.336,5.0,5.916,-0.047344,2.48,0.0264,2291.15,4619.7310562
64,5.0,0.117881296,8.334359749,-4.64,13.3808668,66.8,138.8,0.336,5.0,5.916,-0.047344,2.48,0.0264,2291.15,4619.7310562
65,5.0,0.117881296,8.334359749,-4.64,13.3808668,66.8,138.8,0.336,5.0,5.916,-0.047344,2.48,0.0264,2291.15,4619.7310562
66,7.77777777,0.187129057,8.384886205,-13.53086417,13.14521343,84.55555547,165.5555554,0.29,7.555555548,7.238888882,-0.033955555,8.29629628,0.011851852,2185.02222,4498.5972514000005
67,7.77777777,0.187129057,8.384886205,-13.53086417,13.14521343,84.55555547,165.5555554,0.29,7.555555548,7.238888882,-0.033955555,8.29629628,0.011851852,2185.02222,4498.5972514000005
68,7.77777777,0.187129057,8.384886205,-13.53086417,13.14521343,84.55555547,165.5555554,0.29,7.555555548,7.238888882,-0.033955555,8.29629628,0.011851852,2185.02222,4498.5972514000005
69,7.77777777,0.187129057,8.384886205,-13.53086417,13.14521343,84.55555547,165.5555554,0.29,7.555555548,7.238888882,-0.033955555,8.29629628,0.011851852,2185.02222,4498.5972514000005
70,7.863636355,0.175633446,7.712881039,-11.94214875,13.01060934,84.99999991,166.8181816,0.288181818,7.681818173,7.25727272,-0.02843595,8.22314048,0.001652893,2177.727271,4398.5316758
71,7.863636355,0.175633446,7.712881039,-11.94214875,13.01060934,84.99999991,166.8181816,0.288181818,7.681818173,7.25727272,-0.02843595,8.22314048,0.001652893,2177.727271,4398.5316758
72,7.863636355,0.175633446,7.712881039,-11.94214875,13.01060934,84.99999991,166.8181816,0.288181818,7.681818173,7.25727272,-0.02843595,8.22314048,0.001652893,2177.727271,4398.5316758
73,7.863636355,0.175633446,7.712881039,-11.94214875,13.01060934,84.99999991,166.8181816,0.288181818,7.681818173,7.25727272,-0.02843595,8.22314048,0.001652893,2177.727271,4398.5316758
74,4.0,0.452513812,29.05583385,-2.0,8.644238489,53.25,127.5,0.2675,4.0,4.7425,0.008375,-2.5,-0.0775,1896.8625,3590.46373515
75,4.0,0.452513812,29.05583385,-2.0,8.644238489,53.25,127.5,0.2675,4.0,4.7425,0.008375,-2.5,-0.0775,1896.8625,3590.46373515
76,4.0,0.452513812,29.05583385,-2.0,8.644238489,53.25,127.5,0.2675,4.0,4.7425,0.008375,-2.5,-0.0775,1896.8625,3590.46373515
77,4.0,0.452513812,29.05583385,-2.0,8.644238489,53.25,127.5,0.2675,4.0,4.7425,0.008375,-2.5,-0.0775,1896.8625,3590.46373515
78,4.0,0.452513812,29.05583385,-2.0,8.644238489,53.25,127.5,0.2675,4.0,4.7425,0.008375,-2.5,-0.0775,1896.8625,3590.46373515
79,4.0,0.452513812,29.05583385,-2.0,8.644238489,53.25,127.5,0.2675,4.0,4.7425,0.008375,-2.5,-0.0775,1896.8625,3590.46373515
80,4.0,0.452513812,29.05583385,-2.0,8.644238489,53.25,127.5,0.2675,4.0,4.7425,0.008375,-2.5,-0.0775,1896.8625,3590.46373515
81,4.0,0.452513812,29.05583385,-2.0,8.644238489,53.25,127.5,0.2675,4.0,4.7425,0.008375,-2.5,-0.0775,1896.8625,3590.46373515
82,4.0,0.452513812,29.05583385,-2.0,8.644238489,53.25,127.5,0.2675,4.0,4.7425,0.008375,-2.5,-0.0775,1896.8625,3590.46373515
83,4.0,0.452513812,29.05583385,-2.0,8.644238489,53.25,127.5,0.2675,4.0,4.7425,0.008375,-2.5,-0.0775,1896.8625,3590.46373515
84,4.0,0.452513812,29.05583385,-2.0,8.644238489,53.25,127.5,0.2675,4.0,4.7425,0.008375,-2.5,-0.0775,1896.8625,3590.46373515
85,3.8,0.292232784,23.47985336,-0.16,10.70469344,43.8,106.8,0.294,3.8,4.486,-0.014,-7.16,0.0048,1800.52,4284.654793199999
86,3.8,0.292232784,23.47985336,-0.16,10.70469344,43.8,106.8,0.294,3.8,4.486,-0.014,-7.16,0.0048,1800.52,4284.654793199999
87,3.8,0.292232784,23.47985336,-0.16,10.70469344,43.8,106.8,0.294,3.8,4.486,-0.014,-7.16,0.0048,1800.52,4284.654793199999
88,3.8,0.292232784,23.47985336,-0.16,10.70469344,43.8,106.8,0.294,3.8,4.486,-0.014,-7.16,0.0048,1800.52,4284.654793199999
89,3.777777774,0.316210415,26.00598079,-0.197530864,10.36634688,44.99999996,108.2222221,0.288888889,3.777777774,4.47444444,-0.010123457,-7.432098751,-8.67e-18,1764.116665,4203.826005000001
90,3.777777774,0.316210415,26.00598079,-0.197530864,10.36634688,44.99999996,108.2222221,0.288888889,3.777777774,4.47444444,-0.010123457,-7.432098751,-8.67e-18,1764.116665,4203.826005000001
91,3.777777774,0.316210415,26.00598079,-0.197530864,10.36634688,44.99999996,108.2222221,0.288888889,3.777777774,4.47444444,-0.010123457,-7.432098751,-8.67e-18,1764.116665,4203.826005000001
92,3.777777774,0.316210415,26.00598079,-0.197530864,10.36634688,44.99999996,108.2222221,0.288888889,3.777777774,4.47444444,-0.010123457,-7.432098751,-8.67e-18,1764.116665,4203.826005000001
93,3.764705886,0.330173365,27.49476602,-0.221453288,9.877149929,45.70588241,109.0588236,0.285882353,3.764705886,4.467647063,-0.00733564,-7.543252611,-0.003321799,1742.702943,4012.3712552
94,3.764705886,0.330173365,27.49476602,-0.221453288,9.877149929,45.70588241,109.0588236,0.285882353,3.764705886,4.467647063,-0.00733564,-7.543252611,-0.003321799,1742.702943,4012.3712552
95,3.764705886,0.330173365,27.49476602,-0.221453288,9.877149929,45.70588241,109.0588236,0.285882353,3.764705886,4.467647063,-0.00733564,-7.543252611,-0.003321799,1742.702943,4012.3712552
96,3.764705886,0.330173365,27.49476602,-0.221453288,9.877149929,45.70588241,109.0588236,0.285882353,3.764705886,4.467647063,-0.00733564,-7.543252611,-0.003321799,1742.702943,4012.3712552
97,5.25,0.3539774,2.540421922,-4.5,11.52565132,107.25,197.5,0.345,5.75,6.285,0.0148125,-11.3125,-0.165,2987.4,3472.9926432
98,5.25,0.3539774,2.540421922,-4.5,11.52565132,107.25,197.5,0.345,5.75,6.285,0.0148125,-11.3125,-0.165,2987.4,3472.9926432
99,5.25,0.3539774,2.540421922,-4.5,11.52565132,107.25,197.5,0.345,5.75,6.285,0.0148125,-11.3125,-0.165,2987.4,3472.9926432
100,5.25,0.3539774,2.540421922,-4.5,11.52565132,107.25,197.5,0.345,5.75,6.285,0.0148125,-11.3125,-0.165,2987.4,3472.9926432
101,5.25,0.3539774,2.540421922,-4.5,11.52565132,107.25,197.5,0.345,5.75,6.285,0.0148125,-11.3125,-0.165,2987.4,3472.9926432
102,5.25,0.3539774,2.540421922,-4.5,11.52565132,107.25,197.5,0.345,5.75,6.285,0.0148125,-11.3125,-0.165,2987.4,3472.9926432
103,5.25,0.3539774,2.540421922,-4.5,11.52565132,107.25,197.5,0.345,5.75,6.285,0.0148125,-11.3125,-0.165,2987.4,3472.9926432
104,5.25,0.3539774,2.540421922,-4.5,11.52565132,107.25,197.5,0.345,5.75,6.285,0.0148125,-11.3125,-0.165,2987.4,3472.9926432
105,5.25,0.3539774,2.540421922,-4.5,11.52565132,107.25,197.5,0.345,5.75,6.285,0.0148125,-11.3125,-0.165,2987.4,3472.9926432
106,3.999999996,0.315794989,25.90367944,-1.777777774,10.36634688,54.11111106,115.5555554,0.274444444,3.999999996,4.758888884,-0.014881481,-2.098765428,-0.000740741,1800.227776,3883.9599885
107,3.999999996,0.315794989,25.90367944,-1.777777774,10.36634688,54.11111106,115.5555554,0.274444444,3.999999996,4.758888884,-0.014881481,-2.098765428,-0.000740741,1800.227776,3883.9599885
108,3.999999996,0.315794989,25.90367944,-1.777777774,10.36634688,54.11111106,115.5555554,0.274444444,3.999999996,4.758888884,-0.014881481,-2.098765428,-0.000740741,1800.227776,3883.9599885
109,3.999999996,0.315794989,25.90367944,-1.777777774,10.36634688,54.11111106,115.5555554,0.274444444,3.999999996,4.758888884,-0.014881481,-2.098765428,-0.000740741,1800.227776,3883.9599885
110,3.999999996,0.315794989,25.90367944,-1.777777774,10.36634688,54.11111106,115.5555554,0.274444444,3.999999996,4.758888884,-0.014881481,-2.098765428,-0.000740741,1800.227776,3883.9599885
111,4.360123211,0.134497437,8.104809263,1.644429469,12.06002304,62.57014838,127.6353961,0.338423411,4.520022399,5.049579945,-0.013154406,1.24960092,0.00150237,2304.272625,3852.5932456
112,4.360123211,0.134497437,8.104809263,1.644429469,12.06002304,62.57014838,127.6353961,0.338423411,4.520022399,5.049579945,-0.013154406,1.24960092,0.00150237,2304.272625,3852.5932456
113,4.360123211,0.134497437,8.104809263,1.644429469,12.06002304,62.57014838,127.6353961,0.338423411,4.520022399,5.049579945,-0.013154406,1.24960092,0.00150237,2304.272625,3852.5932456
114,4.360123211,0.134497437,8.104809263,1.644429469,12.06002304,62.57014838,127.6353961,0.338423411,4.520022399,5.049579945,-0.013154406,1.24960092,0.00150237,2304.272625,3852.5932456
115,4.2,0.287713138,16.65937057,-1.2,10.32159337,50.2,127.5,0.311,4.2,4.991,0.003225,-6.92,-0.0528,1955.6775,3797.7951344
116,4.2,0.287713138,16.65937057,-1.2,10.32159337,50.2,127.5,0.311,4.2,4.991,0.003225,-6.92,-0.0528,1955.6775,3797.7951344
117,4.2,0.287713138,16.65937057,-1.2,10.32159337,50.2,127.5,0.311,4.2,4.991,0.003225,-6.92,-0.0528,1955.6775,3797.7951344
118,4.2,0.287713138,16.65937057,-1.2,10.32159337,50.2,127.5,0.311,4.2,4.991,0.003225,-6.92,-0.0528,1955.6775,3797.7951344
119,4.2,0.290283999,23.35230142,-2.72,10.70469344,60.2,120.0,0.268,4.2,4.998,-0.021708,1.48,0.0036,1865.52,3779.9295888
120,4.2,0.290283999,23.35230142,-2.72,10.70469344,60.2,120.0,0.268,4.2,4.998,-0.021708,1.48,0.0036,1865.52,3779.9295888
121,4.2,0.290283999,23.35230142,-2.72,10.70469344,60.2,120.0,0.268,4.2,4.998,-0.021708,1.48,0.0036,1865.52,3779.9295888
122,4.2,0.290283999,23.35230142,-2.72,10.70469344,60.2,120.0,0.268,4.2,4.998,-0.021708,1.48,0.0036,1865.52,3779.9295888
123,4.2,0.290283999,23.35230142,-2.72,10.70469344,60.2,120.0,0.268,4.2,4.998,-0.021708,1.48,0.0036,1865.52,3779.9295888
124,4.2,0.290283999,23.35230142,-2.72,10.70469344,60.2,120.0,0.268,4.2,4.998,-0.021708,1.48,0.0036,1865.52,3779.9295888
125,4.2,0.290283999,23.35230142,-2.72,10.70469344,60.2,120.0,0.268,4.2,4.998,-0.021708,1.48,0.0036,1865.52,3779.9295888
126,4.2,0.290283999,23.35230142,-2.72,10.70469344,60.2,120.0,0.268,4.2,4.998,-0.021708,1.48,0.0036,1865.52,3779.9295888
127,4.2,0.290283999,23.35230142,-2.72,10.70469344,60.2,120.0,0.268,4.2,4.998,-0.021708,1.48,0.0036,1865.52,3779.9295888
128,4.2,0.290283999,23.35230142,-2.72,10.70469344,60.2,120.0,0.268,4.2,4.998,-0.021708,1.48,0.0036,1865.52,3779.9295888
129,3.9,0.283936613,22.71519563,1.44,9.83463643,60.0,113.4,0.296,4.0,4.561,-0.0041,-3.72,-0.0097,1976.52,3250.70124345
130,3.9,0.283936613,22.71519563,1.44,9.83463643,60.0,113.4,0.296,4.0,4.561,-0.0041,-3.72,-0.0097,1976.52,3250.70124345
131,3.9,0.283936613,22.71519563,1.44,9.83463643,60.0,113.4,0.296,4.0,4.561,-0.0041,-3.72,-0.0097,1976.52,3250.70124345
132,3.9,0.283936613,22.71519563,1.44,9.83463643,60.0,113.4,0.296,4.0,4.561,-0.0041,-3.72,-0.0097,1976.52,3250.70124345
133,3.899489949,0.28407405,22.72991787,1.439447995,9.832787951,59.99069907,113.3819382,0.295961596,3.99939994,4.560459046,-0.004098021,-3.723383769,-0.009699338,1976.148485,3250.68536505
134,3.899489949,0.28407405,22.72991787,1.439447995,9.832787951,59.99069907,113.3819382,0.295961596,3.99939994,4.560459046,-0.004098021,-3.723383769,-0.009699338,1976.148485,3250.68536505
135,3.899489949,0.28407405,22.72991787,1.439447995,9.832787951,59.99069907,113.3819382,0.295961596,3.99939994,4.560459046,-0.004098021,-3.723383769,-0.009699338,1976.148485,3250.68536505
136,3.899489949,0.28407405,22.72991787,1.439447995,9.832787951,59.99069907,113.3819382,0.295961596,3.99939994,4.560459046,-0.004098021,-3.723383769,-0.009699338,1976.148485,3250.68536505
137,4.0,0.34329113,22.67835369,-1.12,10.26966494,48.0,122.0,0.293,4.0,4.753,0.00229,-6.28,-0.0482,1858.62,2990.30476095
138,4.0,0.34329113,22.67835369,-1.12,10.26966494,48.0,122.0,0.293,4.0,4.753,0.00229,-6.28,-0.0482,1858.62,2990.30476095
139,4.0,0.34329113,22.67835369,-1.12,10.26966494,48.0,122.0,0.293,4.0,4.753,0.00229,-6.28,-0.0482,1858.62,2990.30476095
140,4.0,0.34329113,22.67835369,-1.12,10.26966494,48.0,122.0,0.293,4.0,4.753,0.00229,-6.28,-0.0482,1858.62,2990.30476095
141,4.5,0.157838208,12.18807893,-3.28,10.31393243,65.3,126.0,0.303,4.5,5.354,-0.025926,1.68,0.0048,2035.435,2270.2006947
142,4.5,0.157838208,12.18807893,-3.28,10.31393243,65.3,126.0,0.303,4.5,5.354,-0.025926,1.68,0.0048,2035.435,2270.2006947
143,4.5,0.157838208,12.18807893,-3.28,10.31393243,65.3,126.0,0.303,4.5,5.354,-0.025926,1.68,0.0048,2035.435,2270.2006947
144,4.5,0.157838208,12.18807893,-3.28,10.31393243,65.3,126.0,0.303,4.5,5.354,-0.025926,1.68,0.0048,2035.435,2270.2006947
145,4.5,0.157838208,12.18807893,-3.28,10.31393243,65.3,126.0,0.303,4.5,5.354,-0.025926,1.68,0.0048,2035.435,2270.2006947
146,4.5,0.157838208,12.18807893,-3.28,10.31393243,65.3,126.0,0.303,4.5,5.354,-0.025926,1.68,0.0048,2035.435,2269.4087135
147,4.5,0.157838208,12.18807893,-3.28,10.31393243,65.3,126.0,0.303,4.5,5.354,-0.025926,1.68,0.0048,2035.435,2269.4087135
148,4.5,0.157838208,12.18807893,-3.28,10.31393243,65.3,126.0,0.303,4.5,5.354,-0.025926,1.68,0.0048,2035.435,2269.4087135
149,4.5,0.157838208,12.18807893,-3.28,10.31393243,65.3,126.0,0.303,4.5,5.354,-0.025926,1.68,0.0048,2035.435,2269.4087135
150,4.5,0.157838208,12.18807893,-3.28,10.31393243,65.3,126.0,0.303,4.5,5.354,-0.025926,1.68,0.0048,2035.435,2269.4087135
151,4.36,0.134548391,8.110079354,1.6448,12.05966641,62.58,127.64,0.3384,4.52,5.0494,-0.013144,1.252,0.001488,2304.301,2237.62607095
152,4.36,0.134548391,8.110079354,1.6448,12.05966641,62.58,127.64,0.3384,4.52,5.0494,-0.013144,1.252,0.001488,2304.301,2237.62607095
153,4.36,0.134548391,8.110079354,1.6448,12.05966641,62.58,127.64,0.3384,4.52,5.0494,-0.013144,1.252,0.001488,2304.301,2237.62607095
154,4.36,0.134548391,8.110079354,1.6448,12.05966641,62.58,127.64,0.3384,4.52,5.0494,-0.013144,1.252,0.001488,2304.301,2237.62607095
155,4.4,0.235897435,11.07593246,-1.28,10.31393243,52.4,133.0,0.329,4.4,5.229,0.00416,-7.56,-0.0574,2052.735,2135.29153505
156,4.4,0.235897435,11.07593246,-1.28,10.31393243,52.4,133.0,0.329,4.4,5.229,0.00416,-7.56,-0.0574,2052.735,2135.29153505
157,4.4,0.235897435,11.07593246,-1.28,10.31393243,52.4,133.0,0.329,4.4,5.229,0.00416,-7.56,-0.0574,2052.735,2135.29153505
158,4.4,0.235897435,11.07593246,-1.28,10.31393243,52.4,133.0,0.329,4.4,5.229,0.00416,-7.56,-0.0574,2052.735,2135.29153505
159,4.1,0.232062168,18.14703783,-3.32,10.0036574,59.65,110.9,0.28,4.1,4.861,-0.034317,3.32,0.01875,1892.4275,3070.9236413
160,4.1,0.232062168,18.14703783,-3.32,10.0036574,59.65,110.9,0.28,4.1,4.861,-0.034317,3.32,0.01875,1892.4275,3070.9236413
161,4.1,0.232062168,18.14703783,-3.32,10.0036574,59.65,110.9,0.28,4.1,4.861,-0.034317,3.32,0.01875,1892.4275,3070.9236413
162,4.1,0.232062168,18.14703783,-3.32,10.0036574,59.65,110.9,0.28,4.1,4.861,-0.034317,3.32,0.01875,1892.4275,3070.9236413
163,4.1,0.232062168,18.14703783,-3.32,10.0036574,59.65,110.9,0.28,4.1,4.861,-0.034317,3.32,0.01875,1892.4275,3070.9236413
164,4.1,0.232062168,18.14703783,-3.32,10.0036574,59.65,110.9,0.28,4.1,4.861,-0.034317,3.32,0.01875,1892.4275,3070.9236413
165,7.0,0.338526218,22.39749822,3.04,10.70469344,64.2,130.0,0.23,7.0,5.23,-0.003656,8.28,-0.032,1633.92,2733.0122305
166,7.0,0.338526218,22.39749822,3.04,10.70469344,64.2,130.0,0.23,7.0,5.23,-0.003656,8.28,-0.032,1633.92,2733.0122305
167,7.0,0.338526218,22.39749822,3.04,10.70469344,64.2,130.0,0.23,7.0,5.23,-0.003656,8.28,-0.032,1633.92,2733.0122305
168,7.0,0.338526218,22.39749822,3.04,10.70469344,64.2,130.0,0.23,7.0,5.23,-0.003656,8.28,-0.032,1633.92,2733.0122305
169,7.0,0.338526218,22.39749822,3.04,10.70469344,64.2,130.0,0.23,7.0,5.23,-0.003656,8.28,-0.032,1633.92,2733.0122305
170,5.333333338,0.118004237,9.790536286,-8.000000015,10.32975695,87.83333339,142.3333335,0.288333334,5.333333338,6.320000005,-0.063558333,10.19444446,0.039166667,2363.150002,2630.0634731
171,5.333333338,0.118004237,9.790536286,-8.000000015,10.32975695,87.83333339,142.3333335,0.288333334,5.333333338,6.320000005,-0.063558333,10.19444446,0.039166667,2363.150002,2630.0634731
172,5.333333338,0.118004237,9.790536286,-8.000000015,10.32975695,87.83333339,142.3333335,0.288333334,5.333333338,6.320000005,-0.063558333,10.19444446,0.039166667,2363.150002,2630.0634731
173,5.333333338,0.118004237,9.790536286,-8.000000015,10.32975695,87.83333339,142.3333335,0.288333334,5.333333338,6.320000005,-0.063558333,10.19444446,0.039166667,2363.150002,2630.0634731
174,3.818181822,0.272363393,21.42356658,-0.132231405,10.67694273,42.81818186,105.6363637,0.298181818,3.818181822,4.49545455,-0.016363636,-6.859504146,0.007933884,1830.304547,2021.2641373
175,3.818181822,0.272363393,21.42356658,-0.132231405,10.67694273,42.81818186,105.6363637,0.298181818,3.818181822,4.49545455,-0.016363636,-6.859504146,0.007933884,1830.304547,2021.2641373
176,3.818181822,0.272363393,21.42356658,-0.132231405,10.67694273,42.81818186,105.6363637,0.298181818,3.818181822,4.49545455,-0.016363636,-6.859504146,0.007933884,1830.304547,2021.2641373
177,3.818181822,0.272363393,21.42356658,-0.132231405,10.67694273,42.81818186,105.6363637,0.298181818,3.818181822,4.49545455,-0.016363636,-6.859504146,0.007933884,1830.304547,2021.2641373
178,5.0,0.12437343,8.707538803,-5.0,11.52565132,74.25,133.5,0.3275,5.0,5.905,-0.05016875,2.5625,0.024375,2318.15,2005.6025178
179,5.0,0.12437343,8.707538803,-5.0,11.52565132,74.25,133.5,0.3275,5.0,5.905,-0.05016875,2.5625,0.024375,2318.15,2005.6025178
180,5.0,0.12437343,8.707538803,-5.0,11.52565132,74.25,133.5,0.3275,5.0,5.905,-0.05016875,2.5625,0.024375,2318.15,2005.6025178
181,5.0,0.12437343,8.707538803,-5.0,11.52565132,74.25,133.5,0.3275,5.0,5.905,-0.05016875,2.5625,0.024375,2318.15,2005.6025178
182,5.0,0.12437343,8.707538803,-5.0,11.52565132,74.25,133.5,0.3275,5.0,5.905,-0.05016875,2.5625,0.024375,2318.15,2005.6025178
183,5.0,0.089044932,6.901323729,-3.44,10.64070803,75.4,136.4,0.34,5.0,5.929,-0.040344,-1.12,0.0129,2304.95,1754.1755903
184,5.0,0.089044932,6.901323729,-3.44,10.64070803,75.4,136.4,0.34,5.0,5.929,-0.040344,-1.12,0.0129,2304.95,1754.1755903
185,5.0,0.089044932,6.901323729,-3.44,10.64070803,75.4,136.4,0.34,5.0,5.929,-0.040344,-1.12,0.0129,2304.95,1754.1755903
186,5.0,0.089044932,6.901323729,-3.44,10.64070803,75.4,136.4,0.34,5.0,5.929,-0.040344,-1.12,0.0129,2304.95,1754.1755903
187,5.0,0.089044932,6.901323729,-3.44,10.64070803,75.4,136.4,0.34,5.0,5.929,-0.040344,-1.12,0.0129,2304.95,1754.1755903
188,5.0,0.089044932,6.901323729,-3.44,10.64070803,75.4,136.4,0.34,5.0,5.929,-0.040344,-1.12,0.0129,2304.95,1754.1755903
189,5.333333328,0.279205221,2.860264059,-3.555555548,9.133862567,70.99999993,169.9999998,0.356666666,5.333333328,6.323333327,0.014888889,-4.444444436,-0.137777778,2529.149997,140.59545705
190,5.333333328,0.279205221,2.860264059,-3.555555548,9.133862567,70.99999993,169.9999998,0.356666666,5.333333328,6.323333327,0.014888889,-4.444444436,-0.137777778,2529.149997,140.59545705
191,5.333333328,0.279205221,2.860264059,-3.555555548,9.133862567,70.99999993,169.9999998,0.356666666,5.333333328,6.323333327,0.014888889,-4.444444436,-0.137777778,2529.149997,140.59545705
192,5.333333328,0.279205221,2.860264059,-3.555555548,9.133862567,70.99999993,169.9999998,0.356666666,5.333333328,6.323333327,0.014888889,-4.444444436,-0.137777778,2529.149997,140.59545705
193,4.833333343,0.354483192,5.601214595,-2.11111112,14.89668824,87.83333351,165.666667,0.348333334,4.833333343,6.026666679,-0.00925,-4.027777794,-0.048055556,2763.958339,118.7129473
194,4.833333343,0.354483192,5.601214595,-2.11111112,14.89668824,87.83333351,165.666667,0.348333334,4.833333343,6.026666679,-0.00925,-4.027777794,-0.048055556,2763.958339,118.7129473
195,4.833333343,0.354483192,5.601214595,-2.11111112,14.89668824,87.83333351,165.666667,0.348333334,4.833333343,6.026666679,-0.00925,-4.027777794,-0.048055556,2763.958339,118.7129473
196,4.833333343,0.354483192,5.601214595,-2.11111112,14.89668824,87.83333351,165.666667,0.348333334,4.833333343,6.026666679,-0.00925,-4.027777794,-0.048055556,2763.958339,118.7129473
197,4.833333343,0.354483192,5.601214595,-2.11111112,14.89668824,87.83333351,165.666667,0.348333334,4.833333343,6.026666679,-0.00925,-4.027777794,-0.048055556,2763.958339,118.7129473
198,4.360123211,0.131307456,7.824613462,2.128331296,11.2275418,65.8938672,129.2371883,0.337222066,4.560067204,5.026353958,-0.012384684,3.021126574,0.000500296,2359.534456,53.4750726
199,4.360123211,0.131307456,7.824613462,2.128331296,11.2275418,65.8938672,129.2371883,0.337222066,4.560067204,5.026353958,-0.012384684,3.021126574,0.000500296,2359.534456,53.4750726
200,4.360123211,0.131307456,7.824613462,2.128331296,11.2275418,65.8938672,129.2371883,0.337222066,4.560067204,5.026353958,-0.012384684,3.021126574,0.000500296,2359.534456,53.4750726
201,4.360123211,0.131307456,7.824613462,2.128331296,11.2275418,65.8938672,129.2371883,0.337222066,4.560067204,5.026353958,-0.012384684,3.021126574,0.000500296,2359.534456,53.4750726
202,4.999999995,0.041096093,0.975319699,1.333333331,9.133862567,89.66666658,159.9999998,0.366666666,5.333333328,5.753333328,0.0,3.333333327,-0.022222222,2751.483331,52.21487625
203,4.999999995,0.041096093,0.975319699,1.333333331,9.133862567,89.66666658,159.9999998,0.366666666,5.333333328,5.753333328,0.0,3.333333327,-0.022222222,2751.483331,52.21487625
204,4.999999995,0.041096093,0.975319699,1.333333331,9.133862567,89.66666658,159.9999998,0.366666666,5.333333328,5.753333328,0.0,3.333333327,-0.022222222,2751.483331,52.21487625
205,4.999999995,0.041096093,0.975319699,1.333333331,9.133862567,89.66666658,159.9999998,0.366666666,5.333333328,5.753333328,0.0,3.333333327,-0.022222222,2751.483331,52.21487625
206,4.999999995,0.041096093,0.975319699,1.333333331,9.133862567,89.66666658,159.9999998,0.366666666,5.333333328,5.753333328,0.0,3.333333327,-0.022222222,2751.483331,52.21487625
207,4.999999995,0.041096093,0.975319699,1.333333331,9.133862567,89.66666658,159.9999998,0.366666666,5.333333328,5.753333328,0.0,3.333333327,-0.022222222,2751.483331,52.21487625
208,4.999999995,0.041096093,0.975319699,1.333333331,9.133862567,89.66666658,159.9999998,0.366666666,5.333333328,5.753333328,0.0,3.333333327,-0.022222222,2751.483331,52.21487625
209,4.999999995,0.041096093,0.975319699,1.333333331,9.133862567,89.66666658,159.9999998,0.366666666,5.333333328,5.753333328,0.0,3.333333327,-0.022222222,2751.483331,52.21487625
210,4.999999995,0.041096093,0.975319699,1.333333331,9.133862567,89.66666658,159.9999998,0.366666666,5.333333328,5.753333328,0.0,3.333333327,-0.022222222,2751.483331,52.21487625
211,4.36,0.131363846,7.830396726,2.128,11.22759726,65.9,129.24,0.3372,4.56,5.0262,-0.012376,3.0208,0.000488,2359.501,74.00035815
212,4.36,0.131363846,7.830396726,2.128,11.22759726,65.9,129.24,0.3372,4.56,5.0262,-0.012376,3.0208,0.000488,2359.501,74.00035815
213,4.36,0.131363846,7.830396726,2.128,11.22759726,65.9,129.24,0.3372,4.56,5.0262,-0.012376,3.0208,0.000488,2359.501,74.00035815
214,4.36,0.131363846,7.830396726,2.128,11.22759726,65.9,129.24,0.3372,4.56,5.0262,-0.012376,3.0208,0.000488,2359.501,74.00035815
215,5.0,0.274765354,6.372338414,-2.72,13.3808668,56.6,152.8,0.356,5.0,5.904,0.00112,-8.64,-0.0968,2379.75,219.69962325
216,5.0,0.274765354,6.372338414,-2.72,13.3808668,56.6,152.8,0.356,5.0,5.904,0.00112,-8.64,-0.0968,2379.75,219.69962325
217,5.0,0.274765354,6.372338414,-2.72,13.3808668,56.6,152.8,0.356,5.0,5.904,0.00112,-8.64,-0.0968,2379.75,219.69962325
218,5.0,0.274765354,6.372338414,-2.72,13.3808668,56.6,152.8,0.356,5.0,5.904,0.00112,-8.64,-0.0968,2379.75,219.69962325
219,8.000000008,0.181815701,9.595299461,2.644628104,12.88479604,72.00000007,150.9090911,0.265454546,8.000000008,5.972727279,-0.004132231,9.256198366,-0.037024793,1856.500002,161.52092045
220,8.000000008,0.181815701,9.595299461,2.644628104,12.88479604,72.00000007,150.9090911,0.265454546,8.000000008,5.972727279,-0.004132231,9.256198366,-0.037024793,1856.500002,161.52092045
221,8.000000008,0.181815701,9.595299461,2.644628104,12.88479604,72.00000007,150.9090911,0.265454546,8.000000008,5.972727279,-0.004132231,9.256198366,-0.037024793,1856.500002,161.52092045
222,8.000000008,0.181815701,9.595299461,2.644628104,12.88479604,72.00000007,150.9090911,0.265454546,8.000000008,5.972727279,-0.004132231,9.256198366,-0.037024793,1856.500002,161.52092045
223,8.000000008,0.181815701,9.595299461,2.644628104,12.88479604,72.00000007,150.9090911,0.265454546,8.000000008,5.972727279,-0.004132231,9.256198366,-0.037024793,1856.500002,161.52092045
224,8.000000008,0.181815701,9.595299461,2.644628104,12.88479604,72.00000007,150.9090911,0.265454546,8.000000008,5.972727279,-0.004132231,9.256198366,-0.037024793,1856.500002,161.52092045
225,8.000000008,0.181815701,9.595299461,2.644628104,12.88479604,72.00000007,150.9090911,0.265454546,8.000000008,5.972727279,-0.004132231,9.256198366,-0.037024793,1856.500002,161.52092045
226,8.000000008,0.181815701,9.595299461,2.644628104,12.88479604,72.00000007,150.9090911,0.265454546,8.000000008,5.972727279,-0.004132231,9.256198366,-0.037024793,1856.500002,161.52092045
227,4.481132083,0.141342193,8.801570418,-0.222499111,11.3302821,51.65094348,125.9433964,0.346698114,4.481132083,5.290094349,-0.019468672,-9.956835206,0.006674973,2123.254721,58.8125185
228,4.481132083,0.141342193,8.801570418,-0.222499111,11.3302821,51.65094348,125.9433964,0.346698114,4.481132083,5.290094349,-0.019468672,-9.956835206,0.006674973,2123.254721,58.8125185
229,4.481132083,0.141342193,8.801570418,-0.222499111,11.3302821,51.65094348,125.9433964,0.346698114,4.481132083,5.290094349,-0.019468672,-9.956835206,0.006674973,2123.254721,58.8125185
230,4.481132083,0.141342193,8.801570418,-0.222499111,11.3302821,51.65094348,125.9433964,0.346698114,4.481132083,5.290094349,-0.019468672,-9.956835206,0.006674973,2123.254721,58.8125185
231,4.5,0.129687123,4.988733845,2.5,11.52565132,61.75,121.0,0.3675,4.0,5.725,-0.02125,-8.4375,0.028125,2331.3625,132.8060782
232,4.5,0.129687123,4.988733845,2.5,11.52565132,61.75,121.0,0.3675,4.0,5.725,-0.02125,-8.4375,0.028125,2331.3625,132.8060782
233,4.5,0.129687123,4.988733845,2.5,11.52565132,61.75,121.0,0.3675,4.0,5.725,-0.02125,-8.4375,0.028125,2331.3625,132.8060782
234,4.5,0.129687123,4.988733845,2.5,11.52565132,61.75,121.0,0.3675,4.0,5.725,-0.02125,-8.4375,0.028125,2331.3625,132.8060782
235,6.710526312,0.235885853,13.66738961,-1.877500764,10.57900873,75.39473679,137.7192982,0.238596491,6.710526312,6.896052629,0.007836834,4.180132334,-0.04763004,1817.982455,129.74080505
236,6.710526312,0.235885853,13.66738961,-1.877500764,10.57900873,75.39473679,137.7192982,0.238596491,6.710526312,6.896052629,0.007836834,4.180132334,-0.04763004,1817.982455,129.74080505
237,6.710526312,0.235885853,13.66738961,-1.877500764,10.57900873,75.39473679,137.7192982,0.238596491,6.710526312,6.896052629,0.007836834,4.180132334,-0.04763004,1817.982455,129.74080505
238,6.710526312,0.235885853,13.66738961,-1.877500764,10.57900873,75.39473679,137.7192982,0.238596491,6.710526312,6.896052629,0.007836834,4.180132334,-0.04763004,1817.982455,129.74080505
239,7.216981137,0.161227908,6.912787273,-2.171591315,10.80674404,81.0849057,148.1132076,0.256603774,7.216981137,7.416509439,0.009064391,4.834905657,-0.05509078,1955.18868,113.92926755
240,7.216981137,0.161227908,6.912787273,-2.171591315,10.80674404,81.0849057,148.1132076,0.256603774,7.216981137,7.416509439,0.009064391,4.834905657,-0.05509078,1955.18868,113.92926755
241,7.216981137,0.161227908,6.912787273,-2.171591315,10.80674404,81.0849057,148.1132076,0.256603774,7.216981137,7.416509439,0.009064391,4.834905657,-0.05509078,1955.18868,113.92926755
242,7.216981137,0.161227908,6.912787273,-2.171591315,10.80674404,81.0849057,148.1132076,0.256603774,7.216981137,7.416509439,0.009064391,4.834905657,-0.05509078,1955.18868,113.92926755
243,7.500000003,0.136616464,4.150211908,-2.345251832,10.91700003,84.26470588,153.9215687,0.266666667,7.500000003,7.707352942,0.009789264,5.221549398,-0.059496348,2031.862745,59.3857998
244,7.500000003,0.136616464,4.150211908,-2.345251832,10.91700003,84.26470588,153.9215687,0.266666667,7.500000003,7.707352942,0.009789264,5.221549398,-0.059496348,2031.862745,59.3857998
245,7.500000003,0.136616464,4.150211908,-2.345251832,10.91700003,84.26470588,153.9215687,0.266666667,7.500000003,7.707352942,0.009789264,5.221549398,-0.059496348,2031.862745,59.3857998
246,7.500000003,0.136616464,4.150211908,-2.345251832,10.91700003,84.26470588,153.9215687,0.266666667,7.500000003,7.707352942,0.009789264,5.221549398,-0.059496348,2031.862745,59.3857998
247,4.8,0.105261579,5.728563242,0.32,13.3808668,67.8,146.8,0.362,5.0,5.562,-0.0136,3.28,0.0008,2513.15,178.6150615
248,4.8,0.105261579,5.728563242,0.32,13.3808668,67.8,146.8,0.362,5.0,5.562,-0.0136,3.28,0.0008,2513.15,178.6150615
249,4.8,0.105261579,5.728563242,0.32,13.3808668,67.8,146.8,0.362,5.0,5.562,-0.0136,3.28,0.0008,2513.15,178.6150615
250,4.8,0.105261579,5.728563242,0.32,13.3808668,67.8,146.8,0.362,5.0,5.562,-0.0136,3.28,0.0008,2513.15,178.6150615
251,4.8,0.105261579,5.728563242,0.32,13.3808668,67.8,146.8,0.362,5.0,5.562,-0.0136,3.28,0.0008,2513.15,178.6150615
252,4.8,0.105261579,5.728563242,0.32,13.3808668,67.8,146.8,0.362,5.0,5.562,-0.0136,3.28,0.0008,2513.15,178.6150615
253,4.8,0.105261579,5.728563242,0.32,13.3808668,67.8,146.8,0.362,5.0,5.562,-0.0136,3.28,0.0008,2513.15,178.6150615
254,4.8,0.105261579,5.728563242,0.32,13.3808668,67.8,146.8,0.362,5.0,5.562,-0.0136,3.28,0.0008,2513.15,178.6150615
255,4.8,0.105261579,5.728563242,0.32,13.3808668,67.8,146.8,0.362,5.0,5.562,-0.0136,3.28,0.0008,2513.15,178.6150615
256,4.8,0.105261579,5.728563242,0.32,13.3808668,67.8,146.8,0.362,5.0,5.562,-0.0136,3.28,0.0008,2513.15,178.6150615
257,7.76889848,0.201829264,11.22218621,-7.214853838,11.38936952,70.23830087,154.6796255,0.270989921,7.76889848,6.462854565,-0.009163807,4.655112086,-0.00621241,1855.85673,230.9972304
258,7.76889848,0.201829264,11.22218621,-7.214853838,11.38936952,70.23830087,154.6796255,0.270989921,7.76889848,6.462854565,-0.009163807,4.655112086,-0.00621241,1855.85673,230.9972304
259,7.76889848,0.201829264,11.22218621,-7.214853838,11.38936952,70.23830087,154.6796255,0.270989921,7.76889848,6.462854565,-0.009163807,4.655112086,-0.00621241,1855.85673,230.9972304
260,7.76889848,0.201829264,11.22218621,-7.214853838,11.38936952,70.23830087,154.6796255,0.270989921,7.76889848,6.462854565,-0.009163807,4.655112086,-0.00621241,1855.85673,230.9972304
261,7.76889848,0.201829264,11.22218621,-7.214853838,11.38936952,70.23830087,154.6796255,0.270989921,7.76889848,6.462854565,-0.009163807,4.655112086,-0.00621241,1855.85673,230.9972304
262,7.76889848,0.201829264,11.22218621,-7.214853838,11.38936952,70.23830087,154.6796255,0.270989921,7.76889848,6.462854565,-0.009163807,4.655112086,-0.00621241,1855.85673,230.9972304
263,7.76889848,0.201829264,11.22218621,-7.214853838,11.38936952,70.23830087,154.6796255,0.270989921,7.76889848,6.462854565,-0.009163807,4.655112086,-0.00621241,1855.85673,230.9972304
264,7.76889848,0.201829264,11.22218621,-7.214853838,11.38936952,70.23830087,154.6796255,0.270989921,7.76889848,6.462854565,-0.009163807,4.655112086,-0.00621241,1855.85673,230.9972304
265,7.76889848,0.201829264,11.22218621,-7.214853838,11.38936952,70.23830087,154.6796255,0.270989921,7.76889848,6.462854565,-0.009163807,4.655112086,-0.00621241,1855.85673,230.9972304
266,7.76889848,0.201829264,11.22218621,-7.214853838,11.38936952,70.23830087,154.6796255,0.270989921,7.76889848,6.462854565,-0.009163807,4.655112086,-0.00621241,1855.85673,230.9972304
267,7.76889848,0.201829264,11.22218621,-7.214853838,11.38936952,70.23830087,154.6796255,0.270989921,7.76889848,6.462854565,-0.009163807,4.655112086,-0.00621241,1855.85673,230.9972304
268,7.76889848,0.201829264,11.22218621,-7.214853838,11.38936952,70.23830087,154.6796255,0.270989921,7.76889848,6.462854565,-0.009163807,4.655112086,-0.00621241,1855.85673,230.9972304
269,7.76889848,0.201829264,11.22218621,-7.214853838,11.38936952,70.23830087,154.6796255,0.270989921,7.76889848,6.462854565,-0.009163807,4.655112086,-0.00621241,1855.85673,230.9972304
270,7.173913032,0.239028164,13.99251913,-2.835538743,11.03272357,75.65217379,149.9999998,0.24347826,7.173913032,6.382608685,-0.00010397,5.860113403,-0.037807183,1865.130432,184.0074689
271,7.173913032,0.239028164,13.99251913,-2.835538743,11.03272357,75.65217379,149.9999998,0.24347826,7.173913032,6.382608685,-0.00010397,5.860113403,-0.037807183,1865.130432,184.0074689
272,7.173913032,0.239028164,13.99251913,-2.835538743,11.03272357,75.65217379,149.9999998,0.24347826,7.173913032,6.382608685,-0.00010397,5.860113403,-0.037807183,1865.130432,184.0074689
273,7.173913032,0.239028164,13.99251913,-2.835538743,11.03272357,75.65217379,149.9999998,0.24347826,7.173913032,6.382608685,-0.00010397,5.860113403,-0.037807183,1865.130432,184.0074689
274,7.173913032,0.239028164,13.99251913,-2.835538743,11.03272357,75.65217379,149.9999998,0.24347826,7.173913032,6.382608685,-0.00010397,5.860113403,-0.037807183,1865.130432,184.0074689
275,7.173913032,0.239028164,13.99251913,-2.835538743,11.03272357,75.65217379,149.9999998,0.24347826,7.173913032,6.382608685,-0.00010397,5.860113403,-0.037807183,1865.130432,184.0074689
276,7.173913032,0.239028164,13.99251913,-2.835538743,11.03272357,75.65217379,149.9999998,0.24347826,7.173913032,6.382608685,-0.00010397,5.860113403,-0.037807183,1865.130432,184.0074689
277,4.666666662,0.115758369,4.950136032,2.666666661,9.133862567,60.66666661,124.6666665,0.366666666,4.666666662,5.489999995,-0.006666667,-13.55555553,-0.013333333,2273.149998,228.2773781
278,4.666666662,0.115758369,4.950136032,2.666666661,9.133862567,60.66666661,124.6666665,0.366666666,4.666666662,5.489999995,-0.006666667,-13.55555553,-0.013333333,2273.149998,228.2773781
279,4.666666662,0.115758369,4.950136032,2.666666661,9.133862567,60.66666661,124.6666665,0.366666666,4.666666662,5.489999995,-0.006666667,-13.55555553,-0.013333333,2273.149998,228.2773781
280,4.666666662,0.115758369,4.950136032,2.666666661,9.133862567,60.66666661,124.6666665,0.366666666,4.666666662,5.489999995,-0.006666667,-13.55555553,-0.013333333,2273.149998,228.2773781
281,4.666666662,0.115758369,4.950136032,2.666666661,9.133862567,60.66666661,124.6666665,0.366666666,4.666666662,5.489999995,-0.006666667,-13.55555553,-0.013333333,2273.149998,228.2773781
282,4.666666662,0.115758369,4.950136032,2.666666661,9.133862567,60.66666661,124.6666665,0.366666666,4.666666662,5.489999995,-0.006666667,-13.55555553,-0.013333333,2273.149998,228.2773781
283,6.954545453,0.197346028,10.25939227,-2.016528921,10.69373619,78.13636364,142.7272727,0.247272727,6.954545453,7.146818181,0.008417149,4.489669424,-0.051157025,1884.090909,167.77267445
284,6.954545453,0.197346028,10.25939227,-2.016528921,10.69373619,78.13636364,142.7272727,0.247272727,6.954545453,7.146818181,0.008417149,4.489669424,-0.051157025,1884.090909,167.77267445
285,6.954545453,0.197346028,10.25939227,-2.016528921,10.69373619,78.13636364,142.7272727,0.247272727,6.954545453,7.146818181,0.008417149,4.489669424,-0.051157025,1884.090909,167.77267445
286,6.954545453,0.197346028,10.25939227,-2.016528921,10.69373619,78.13636364,142.7272727,0.247272727,6.954545453,7.146818181,0.008417149,4.489669424,-0.051157025,1884.090909,167.77267445
287,6.285714292,0.450142186,33.8280116,1.632653064,11.55592642,56.57142863,118.5714287,0.208571429,6.285714292,4.692857148,-0.00255102,5.714285726,-0.022857143,1458.678573,1071.266
288,6.285714292,0.450142186,33.8280116,1.632653064,11.55592642,56.57142863,118.5714287,0.208571429,6.285714292,4.692857148,-0.00255102,5.714285726,-0.022857143,1458.678573,1071.266
289,6.285714292,0.450142186,33.8280116,1.632653064,11.55592642,56.57142863,118.5714287,0.208571429,6.285714292,4.692857148,-0.00255102,5.714285726,-0.022857143,1458.678573,1071.266
290,6.285714292,0.450142186,33.8280116,1.632653064,11.55592642,56.57142863,118.5714287,0.208571429,6.285714292,4.692857148,-0.00255102,5.714285726,-0.022857143,1458.678573,1071.266
291,6.285714292,0.450142186,33.8280116,1.632653064,11.55592642,56.57142863,118.5714287,0.208571429,6.285714292,4.692857148,-0.00255102,5.714285726,-0.022857143,1458.678573,1071.266
292,6.285714292,0.450142186,33.8280116,1.632653064,11.55592642,56.57142863,118.5714287,0.208571429,6.285714292,4.692857148,-0.00255102,5.714285726,-0.022857143,1458.678573,1071.266
293,6.285714292,0.450142186,33.8280116,1.632653064,11.55592642,56.57142863,118.5714287,0.208571429,6.285714292,4.692857148,-0.00255102,5.714285726,-0.022857143,1458.678573,1071.266
294,6.285714292,0.450142186,33.8280116,1.632653064,11.55592642,56.57142863,118.5714287,0.208571429,6.285714292,4.692857148,-0.00255102,5.714285726,-0.022857143,1458.678573,1071.266
295,6.285714292,0.450142186,33.8280116,1.632653064,11.55592642,56.57142863,118.5714287,0.208571429,6.285714292,4.692857148,-0.00255102,5.714285726,-0.022857143,1458.678573,1071.266
296,8.65957446,0.103645634,2.858969225,-6.826618378,11.5966336,72.40425524,177.8723402,0.312127659,8.65957446,7.286808503,-0.013105478,4.771389768,-0.001810774,2084.767019,1069.064159
297,8.65957446,0.103645634,2.858969225,-6.826618378,11.5966336,72.40425524,177.8723402,0.312127659,8.65957446,7.286808503,-0.013105478,4.771389768,-0.001810774,2084.767019,1069.064159
298,8.65957446,0.103645634,2.858969225,-6.826618378,11.5966336,72.40425524,177.8723402,0.312127659,8.65957446,7.286808503,-0.013105478,4.771389768,-0.001810774,2084.767019,1069.064159
299,8.65957446,0.103645634,2.858969225,-6.826618378,11.5966336,72.40425524,177.8723402,0.312127659,8.65957446,7.286808503,-0.013105478,4.771389768,-0.001810774,2084.767019,1069.064159
300,8.65957446,0.103645634,2.858969225,-6.826618378,11.5966336,72.40425524,177.8723402,0.312127659,8.65957446,7.286808503,-0.013105478,4.771389768,-0.001810774,2084.767019,1069.064159
301,8.65957446,0.103645634,2.858969225,-6.826618378,11.5966336,72.40425524,177.8723402,0.312127659,8.65957446,7.286808503,-0.013105478,4.771389768,-0.001810774,2084.767019,1069.064159
302,8.65957446,0.103645634,2.858969225,-6.826618378,11.5966336,72.40425524,177.8723402,0.312127659,8.65957446,7.286808503,-0.013105478,4.771389768,-0.001810774,2084.767019,1069.064159
303,8.65957446,0.103645634,2.858969225,-6.826618378,11.5966336,72.40425524,177.8723402,0.312127659,8.65957446,7.286808503,-0.013105478,4.771389768,-0.001810774,2084.767019,1069.064159
304,8.65957446,0.103645634,2.858969225,-6.826618378,11.5966336,72.40425524,177.8723402,0.312127659,8.65957446,7.286808503,-0.013105478,4.771389768,-0.001810774,2084.767019,1069.064159
305,8.65957446,0.103645634,2.858969225,-6.826618378,11.5966336,72.40425524,177.8723402,0.312127659,8.65957446,7.286808503,-0.013105478,4.771389768,-0.001810774,2084.767019,1069.064159
306,8.65957446,0.103645634,2.858969225,-6.826618378,11.5966336,72.40425524,177.8723402,0.312127659,8.65957446,7.286808503,-0.013105478,4.771389768,-0.001810774,2084.767019,1069.064159
307,8.65957446,0.103645634,2.858969225,-6.826618378,11.5966336,72.40425524,177.8723402,0.312127659,8.65957446,7.286808503,-0.013105478,4.771389768,-0.001810774,2084.767019,1069.064159
308,8.047619046,0.145491582,5.785214764,-8.253968288,12.56847688,85.95238094,169.5238095,0.284285714,7.95238095,7.296666666,-0.015666667,8.027210886,-0.021768707,2162.095238,1032.060302
309,8.047619046,0.145491582,5.785214764,-8.253968288,12.56847688,85.95238094,169.5238095,0.284285714,7.95238095,7.296666666,-0.015666667,8.027210886,-0.021768707,2162.095238,1032.060302
310,8.047619046,0.145491582,5.785214764,-8.253968288,12.56847688,85.95238094,169.5238095,0.284285714,7.95238095,7.296666666,-0.015666667,8.027210886,-0.021768707,2162.095238,1032.060302
311,8.047619046,0.145491582,5.785214764,-8.253968288,12.56847688,85.95238094,169.5238095,0.284285714,7.95238095,7.296666666,-0.015666667,8.027210886,-0.021768707,2162.095238,1032.060302
312,7.333333348,0.291747605,18.29206181,2.222222231,12.41390687,66.00000013,138.3333336,0.243333334,7.333333348,5.475000011,-0.003472222,7.777777809,-0.031111111,1701.79167,1028.172028
313,7.333333348,0.291747605,18.29206181,2.222222231,12.41390687,66.00000013,138.3333336,0.243333334,7.333333348,5.475000011,-0.003472222,7.777777809,-0.031111111,1701.79167,1028.172028
314,7.333333348,0.291747605,18.29206181,2.222222231,12.41390687,66.00000013,138.3333336,0.243333334,7.333333348,5.475000011,-0.003472222,7.777777809,-0.031111111,1701.79167,1028.172028
315,7.333333348,0.291747605,18.29206181,2.222222231,12.41390687,66.00000013,138.3333336,0.243333334,7.333333348,5.475000011,-0.003472222,7.777777809,-0.031111111,1701.79167,1028.172028
316,7.333333348,0.291747605,18.29206181,2.222222231,12.41390687,66.00000013,138.3333336,0.243333334,7.333333348,5.475000011,-0.003472222,7.777777809,-0.031111111,1701.79167,1028.172028
317,7.333333348,0.291747605,18.29206181,2.222222231,12.41390687,66.00000013,138.3333336,0.243333334,7.333333348,5.475000011,-0.003472222,7.777777809,-0.031111111,1701.79167,1028.172028
318,7.333333348,0.291747605,18.29206181,2.222222231,12.41390687,66.00000013,138.3333336,0.243333334,7.333333348,5.475000011,-0.003472222,7.777777809,-0.031111111,1701.79167,1028.172028
319,7.953488388,0.162008086,6.875667822,-10.18929155,12.82528553,85.46511645,168.1395352,0.28627907,7.813953504,7.276511642,-0.022360195,8.134126587,-0.009518659,2170.093028,991.2320069
320,7.953488388,0.162008086,6.875667822,-10.18929155,12.82528553,85.46511645,168.1395352,0.28627907,7.813953504,7.276511642,-0.022360195,8.134126587,-0.009518659,2170.093028,991.2320069
321,7.953488388,0.162008086,6.875667822,-10.18929155,12.82528553,85.46511645,168.1395352,0.28627907,7.813953504,7.276511642,-0.022360195,8.134126587,-0.009518659,2170.093028,991.2320069
322,7.953488388,0.162008086,6.875667822,-10.18929155,12.82528553,85.46511645,168.1395352,0.28627907,7.813953504,7.276511642,-0.022360195,8.134126587,-0.009518659,2170.093028,991.2320069
323,7.227036408,0.219129929,12.67185187,-2.384727564,10.71904471,75.81421157,151.5701909,0.248395148,7.227036408,6.556623928,-0.000327943,5.31660362,-0.034397484,1879.6573,877.3134931
324,7.227036408,0.219129929,12.67185187,-2.384727564,10.71904471,75.81421157,151.5701909,0.248395148,7.227036408,6.556623928,-0.000327943,5.31660362,-0.034397484,1879.6573,877.3134931
325,7.227036408,0.219129929,12.67185187,-2.384727564,10.71904471,75.81421157,151.5701909,0.248395148,7.227036408,6.556623928,-0.000327943,5.31660362,-0.034397484,1879.6573,877.3134931
326,7.227036408,0.219129929,12.67185187,-2.384727564,10.71904471,75.81421157,151.5701909,0.248395148,7.227036408,6.556623928,-0.000327943,5.31660362,-0.034397484,1879.6573,877.3134931
327,4.75,0.117153745,6.406466345,-0.25,11.52565132,54.75,133.5,0.3675,4.75,5.6075,-0.021875,-11.1875,0.0075,2250.65,794.1834362
328,4.75,0.117153745,6.406466345,-0.25,11.52565132,54.75,133.5,0.3675,4.75,5.6075,-0.021875,-11.1875,0.0075,2250.65,794.1834362
329,4.75,0.117153745,6.406466345,-0.25,11.52565132,54.75,133.5,0.3675,4.75,5.6075,-0.021875,-11.1875,0.0075,2250.65,794.1834362
330,4.75,0.117153745,6.406466345,-0.25,11.52565132,54.75,133.5,0.3675,4.75,5.6075,-0.021875,-11.1875,0.0075,2250.65,794.1834362
331,4.75,0.117153745,6.406466345,-0.25,11.52565132,54.75,133.5,0.3675,4.75,5.6075,-0.021875,-11.1875,0.0075,2250.65,794.1834362
332,4.799599208,0.273885,5.219412333,-10.03089952,14.68176858,65.7975953,150.0641285,0.348567135,4.933867745,5.571022055,0.009355042,-2.809522879,-0.09636884,2458.674053,206.60131645
333,4.599599595,0.258341338,4.968893519,-16.27024419,14.80645933,61.3613613,141.8218217,0.346506506,4.718718714,5.328748743,0.004636839,-6.158490811,-0.078300422,2319.216064,3468.74628975
334,4.399939984,0.241755064,4.692289323,-20.66310183,14.3943769,56.95109498,133.6089606,0.344445444,4.504250415,5.086726661,0.000835795,-8.578632153,-0.06206656,2180.352415,3453.57691095
335,3.936699292,0.239544676,4.693028606,-25.69541298,11.92921134,44.84747788,118.8483489,0.333955264,4.039098852,4.511585044,-0.005230965,-6.21259658,-0.042744119,1937.4762,3399.4257036
336,4.00009999,0.204481145,4.040535811,-23.95235489,12.41758608,48.10958906,117.1538846,0.340319968,4.074592541,4.602133786,-0.004009814,-10.69325676,-0.035111006,1902.079307,3651.319767
337,4.4,0.110163515,5.794212312,-17.44,13.3808668,49.0,122.0,0.36,4.4,5.164,-0.018128,-11.76,0.0184,2041.75,3130.7338284
338,5.75,0.230475053,5.544761499,-4.0,11.52565132,80.25,180.0,0.3225,5.75,6.83,-0.02885625,5.3125,-0.091875,2570.65,5605.466949
339,4.666666662,0.171464282,9.701425006,-24.19753082,13.14521343,62.88888883,133.2222221,0.364444444,4.222222218,5.907777772,0.004444444,-6.592592579,-0.000740741,2271.988887,4758.7064378000005
340,5.5,0.357587402,3.296693728,-3.5,11.52565132,95.25,225.0,0.325,6.0,6.5775,0.01525,-9.1875,-0.194375,3084.4,5748.8464224
341,5.75,0.363696302,3.295786493,-6.5,11.52565132,112.25,227.5,0.3325,6.25,6.8675,0.02275,-4.9375,-0.19625,3226.15,4980.5320656
342,4.58,0.116620924,5.414518155,0.4704,10.91657571,60.1,130.6,0.3721,4.16,5.7983,-0.028875,-8.2236,0.035154,2268.3785,769.9967321
343,4.65,0.188180206,5.57750823,-0.0524,11.8788075,64.68,136.7,0.3702,4.22,5.9369,-0.0306343,-9.0986,0.028011,2337.9655,1017.609778
344,4.99999999,0.288670168,5.450244127,-1.937528285,13.30808933,70.21276582,158.297872,0.350638297,5.14893616,5.814042542,0.015024898,1.439565413,-0.116387505,2597.830846,36.45540574
